[
  {
    "S/N": 1,
    "firstname": "OPELUSI",
    "lastname": "RHODA",
    "middlename": "ADESEYE",
    "gender": "F",
    "dob": "19-06-1977",
    "expiry_date": "2037-06-19",
    "id_card_number": "OHIS/A-08/2052",
    "CATEGORY": "PRINCIPAL",
    "provider_id": 166371,
    "place_of_work": "CUSTOMARY COURT OF APPEAL",
    "org_id": 10,
    "user_image": 1172390,
    "plan_type": "FAMILY",
    "phone_number": "",
    "nimc_number": "",
    "created_at": "",
    "enrolled_by": ""
  },
  {
    "S/N": 2,
    "firstname": "OJO",
    "lastname": "EUNICE",
    "middlename": "OLUBUNMI",
    "gender": "F",
    "dob": "15/04/1978",
    "expiry_date": "2044-06-18",
    "id_card_number": "OHIS/A-09/34275/B",
    "CATEGORY": "DEPENDANT",
    "provider_id": 166371,
    "place_of_work": "LCDA - BOLUWADURO EAST",
    "org_id": 10,
    "user_image": "BY NAME",
    "plan_type": "FAMILY",
    "phone_number": "",
    "nimc_number": "",
    "created_at": "",
    "enrolled_by": ""
  },
  {
    "S/N": 3,
    "firstname": "OJO",
    "lastname": "HERITAGE",
    "middlename": "",
    "gender": "F",
    "dob": "06/01/2018",
    "expiry_date": "2036-01-06",
    "id_card_number": "OHIS/A-09/34275/C",
    "CATEGORY": "DEPENDANT",
    "provider_id": 166371,
    "place_of_work": "LCDA - BOLUWADURO EAST",
    "org_id": 10,
    "user_image": "BY NAME",
    "plan_type": "FAMILY",
    "phone_number": "",
    "nimc_number": "",
    "created_at": "",
    "enrolled_by": ""
  },
  {
    "S/N": 4,
    "firstname": "OJO",
    "lastname": "KOLAWOLE",
    "middlename": "JOHN",
    "gender": "M",
    "dob": "18/06/1984",
    "expiry_date": "2044-06-18",
    "id_card_number": "OHIS/A-09/34275",
    "CATEGORY": "PRINCIPAL",
    "provider_id": 166371,
    "place_of_work": "LCDA - BOLUWADURO EAST",
    "org_id": 10,
    "user_image": "BY NAME",
    "plan_type": "FAMILY",
    "phone_number": "",
    "nimc_number": "",
    "created_at": "",
    "enrolled_by": ""
  },
  {
    "S/N": 5,
    "firstname": "OGUNSADE",
    "lastname": "BOLAJI",
    "middlename": "OLUKEMI",
    "gender": "F",
    "dob": "17/04/1986",
    "expiry_date": "2046-04-17",
    "id_card_number": "OHIS/A-02/24293",
    "CATEGORY": "PRINCIPAL",
    "provider_id": 166371,
    "place_of_work": "OFFICE OF BUDGET & ECONOMIC PLANNING",
    "org_id": 10,
    "user_image": "BY NAME",
    "plan_type": "FAMILY",
    "phone_number": "",
    "nimc_number": "",
    "created_at": "",
    "enrolled_by": ""
  },
  {
    "S/N": 6,
    "firstname": "OLAYEMI",
    "lastname": "SAMUEL",
    "middlename": "",
    "gender": "M",
    "dob": "09/09/1984",
    "expiry_date": "2046-04-17",
    "id_card_number": "OHIS/A-02/24293/A",
    "CATEGORY": "DEPENDANT",
    "provider_id": 166371,
    "place_of_work": "OFFICE OF BUDGET & ECONOMIC PLANNING",
    "org_id": 10,
    "user_image": "BY NAME",
    "plan_type": "FAMILY",
    "phone_number": "",
    "nimc_number": "",
    "created_at": "",
    "enrolled_by": ""
  },
  {
    "S/N": 7,
    "firstname": "OLAYEMI",
    "lastname": "ANJOLA",
    "middlename": "",
    "gender": "F",
    "dob": "06/05/2015",
    "expiry_date": "2033-05-06",
    "id_card_number": "OHIS/A-02/24293/B",
    "CATEGORY": "DEPENDANT",
    "provider_id": 166371,
    "place_of_work": "OFFICE OF BUDGET & ECONOMIC PLANNING",
    "org_id": 10,
    "user_image": "BY NAME",
    "plan_type": "FAMILY",
    "phone_number": "",
    "nimc_number": "",
    "created_at": "",
    "enrolled_by": ""
  },
  {
    "S/N": 8,
    "firstname": "OLAYEMI",
    "lastname": "ANU",
    "middlename": "",
    "gender": "F",
    "dob": "07/06/2017",
    "expiry_date": "2035-06-07",
    "id_card_number": "OHIS/A-02/24293/C",
    "CATEGORY": "DEPENDANT",
    "provider_id": 166371,
    "place_of_work": "OFFICE OF BUDGET & ECONOMIC PLANNING",
    "org_id": 10,
    "user_image": "BY NAME",
    "plan_type": "FAMILY",
    "phone_number": "",
    "nimc_number": "",
    "created_at": "",
    "enrolled_by": ""
  },
  {
    "S/N": 9,
    "firstname": "AKINEGBE",
    "lastname": "TOLANI",
    "middlename": "OLUYEMISI",
    "gender": "F",
    "dob": "22/06/1980",
    "expiry_date": "1940-06-22",
    "id_card_number": "OHIS/A-02/24294",
    "CATEGORY": "PRINCIPAL",
    "provider_id": 166371,
    "place_of_work": "OFFICE OF BUDGET & ECONOMIC PLANNING",
    "org_id": 10,
    "user_image": "BY NAME",
    "plan_type": "FAMILY",
    "phone_number": "",
    "nimc_number": "",
    "created_at": "",
    "enrolled_by": ""
  },
  {
    "S/N": 10,
    "firstname": "AKINEGBE",
    "lastname": "JOSEPH",
    "middlename": "",
    "gender": "M",
    "dob": "07/11/2002",
    "expiry_date": "2020-11-07",
    "id_card_number": "OHIS/A-02/24294/D",
    "CATEGORY": "DEPENDANT",
    "provider_id": 166371,
    "place_of_work": "OFFICE OF BUDGET & ECONOMIC PLANNING",
    "org_id": 10,
    "user_image": "BY NAME",
    "plan_type": "FAMILY",
    "phone_number": "",
    "nimc_number": "",
    "created_at": "",
    "enrolled_by": ""
  },
  {
    "S/N": 11,
    "firstname": "AKINEGBE",
    "lastname": "JOSHUA",
    "middlename": "",
    "gender": "M",
    "dob": "05/06/2005",
    "expiry_date": "2023-06-05",
    "id_card_number": "OHIS/A-02/24294/E",
    "CATEGORY": "DEPENDANT",
    "provider_id": 166371,
    "place_of_work": "OFFICE OF BUDGET & ECONOMIC PLANNING",
    "org_id": 10,
    "user_image": "BY NAME",
    "plan_type": "FAMILY",
    "phone_number": "",
    "nimc_number": "",
    "created_at": "",
    "enrolled_by": ""
  },
  {
    "S/N": 12,
    "firstname": "AKINEGBE",
    "lastname": "JOHN",
    "middlename": "",
    "gender": "M",
    "dob": "07/03/2013",
    "expiry_date": "2031-03-07",
    "id_card_number": "OHIS/A-02/24294/A",
    "CATEGORY": "DEPENDANT",
    "provider_id": 166371,
    "place_of_work": "OFFICE OF BUDGET & ECONOMIC PLANNING",
    "org_id": 10,
    "user_image": "BY NAME",
    "plan_type": "FAMILY",
    "phone_number": "",
    "nimc_number": "",
    "created_at": "",
    "enrolled_by": ""
  },
  {
    "S/N": 13,
    "firstname": "AKINEGBE",
    "lastname": "OLUYINKA",
    "middlename": "",
    "gender": "M",
    "dob": "06/06/1978",
    "expiry_date": "1940-06-22",
    "id_card_number": "OHIS/A-02/24294/B",
    "CATEGORY": "DEPENDANT",
    "provider_id": 166371,
    "place_of_work": "OFFICE OF BUDGET & ECONOMIC PLANNING",
    "org_id": 10,
    "user_image": "BY NAME",
    "plan_type": "FAMILY",
    "phone_number": "",
    "nimc_number": "",
    "created_at": "",
    "enrolled_by": ""
  },
  {
    "S/N": 14,
    "firstname": "AJAYI",
    "lastname": "OLUFEMI",
    "middlename": "OLUSEYE",
    "gender": "M",
    "dob": "11/10/1990",
    "expiry_date": "2050-10-11",
    "id_card_number": "OHIS/A-02/24383",
    "CATEGORY": "PRINCIPAL",
    "provider_id": 166371,
    "place_of_work": "MINISTRY OF HOME AFFAIRS",
    "org_id": 10,
    "user_image": "BY NAME",
    "plan_type": "FAMILY",
    "phone_number": "",
    "nimc_number": "",
    "created_at": "",
    "enrolled_by": ""
  },
  {
    "S/N": 15,
    "firstname": "OLOWOOKERE",
    "lastname": "ODUNOLA",
    "middlename": "COMFORT",
    "gender": "F",
    "dob": "05/05/1984",
    "expiry_date": "2043-11-01",
    "id_card_number": "OHIS/A-08/2001",
    "CATEGORY": "PRINCIPAL",
    "provider_id": 166371,
    "place_of_work": "CUSTOMARY COURT OF APPEAL",
    "org_id": 10,
    "user_image": "BY NAME",
    "plan_type": "FAMILY",
    "phone_number": "",
    "nimc_number": "",
    "created_at": "",
    "enrolled_by": ""
  },
  {
    "S/N": 16,
    "firstname": "OLOOKERE",
    "lastname": "ABIODUN",
    "middlename": "JOSEPH",
    "gender": "M",
    "dob": "25-12-2015",
    "expiry_date": "25-122033",
    "id_card_number": "OHIS/A-08/2001/C",
    "CATEGORY": "DEPENDANT",
    "provider_id": 166371,
    "place_of_work": "CUSTOMARY COURT OF APPEAL",
    "org_id": 10,
    "user_image": "BY NAME",
    "plan_type": "FAMILY",
    "phone_number": "",
    "nimc_number": "",
    "created_at": "",
    "enrolled_by": ""
  },
  {
    "S/N": 17,
    "firstname": "OLOWOOKERE",
    "lastname": "AKINOLA",
    "middlename": "JOSHUA",
    "gender": "M",
    "dob": "16-3-2005",
    "expiry_date": "16-03-2025",
    "id_card_number": "OHIS/A-08/2001/D",
    "CATEGORY": "DEPENDANT",
    "provider_id": 166371,
    "place_of_work": "CUSTOMARY COURT OF APPEAL",
    "org_id": 10,
    "user_image": "BY NAME",
    "plan_type": "FAMILY",
    "phone_number": "",
    "nimc_number": "",
    "created_at": "",
    "enrolled_by": ""
  },
  {
    "S/N": 18,
    "firstname": "OLATOKE",
    "lastname": "JELILI",
    "middlename": "O.",
    "gender": "M",
    "dob": "12/09/1986",
    "expiry_date": "2046-09-12",
    "id_card_number": "OHIS/A-08/12201",
    "CATEGORY": "PRINCIPAL",
    "provider_id": 166371,
    "place_of_work": "HIGH COURT OF JUSTICE",
    "org_id": 10,
    "user_image": "BY NAME",
    "plan_type": "FAMILY",
    "phone_number": "",
    "nimc_number": "",
    "created_at": "",
    "enrolled_by": ""
  },
  {
    "S/N": 19,
    "firstname": "OLATOKE",
    "lastname": "FATIMAH",
    "middlename": "TEMILOLA",
    "gender": "F",
    "dob": "08/12/1993",
    "expiry_date": "2046-09-12",
    "id_card_number": "OHIS/A-08/12201/B",
    "CATEGORY": "DEPENDANT",
    "provider_id": 166371,
    "place_of_work": "HIGH COURT OF JUSTICE",
    "org_id": 10,
    "user_image": "BY NAME",
    "plan_type": "FAMILY",
    "phone_number": "",
    "nimc_number": "",
    "created_at": "",
    "enrolled_by": ""
  },
  {
    "S/N": 20,
    "firstname": "OLATOKE",
    "lastname": "MU'ADH",
    "middlename": "OLADENI",
    "gender": "M",
    "dob": "21/11/2018",
    "expiry_date": "2036-11-21",
    "id_card_number": "OHIS/A-08/12201/C",
    "CATEGORY": "DEPENDANT",
    "provider_id": 166371,
    "place_of_work": "HIGH COURT OF JUSTICE",
    "org_id": 10,
    "user_image": "BY NAME",
    "plan_type": "FAMILY",
    "phone_number": "",
    "nimc_number": "",
    "created_at": "",
    "enrolled_by": ""
  },
  {
    "S/N": 21,
    "firstname": "AKINLOYE",
    "lastname": "GANIYU",
    "middlename": "MONSURAT",
    "gender": "F",
    "dob": "22-2-1986",
    "expiry_date": "22-2-2046",
    "id_card_number": "OHIS/A-08/16420",
    "CATEGORY": "PRINCIPAL",
    "provider_id": 166371,
    "place_of_work": "OFFICE OF TRANSPORTATION",
    "org_id": 10,
    "user_image": "BY NAME",
    "plan_type": "FAMILY",
    "phone_number": "",
    "nimc_number": "",
    "created_at": "",
    "enrolled_by": ""
  },
  {
    "S/N": 22,
    "firstname": "AKINLOYE",
    "lastname": "SULAIMON",
    "middlename": "SUNDAY",
    "gender": "M",
    "dob": "07/04/1979",
    "expiry_date": "22-2-2046",
    "id_card_number": "OHIS/A-08/16420/A",
    "CATEGORY": "DEPENDANT",
    "provider_id": 166371,
    "place_of_work": "OFFICE OF TRANSPORTATION",
    "org_id": 10,
    "user_image": "BY NAME",
    "plan_type": "FAMILY",
    "phone_number": "",
    "nimc_number": "",
    "created_at": "",
    "enrolled_by": ""
  },
  {
    "S/N": 23,
    "firstname": "AKINLOYE",
    "lastname": "LATIFAT",
    "middlename": "MICHELLE",
    "gender": "F",
    "dob": "01/06/2010",
    "expiry_date": "2028-06-01",
    "id_card_number": "OHIS/A-08/16420/B",
    "CATEGORY": "DEPENDANT",
    "provider_id": 166371,
    "place_of_work": "OFFICE OF TRANSPORTATION",
    "org_id": 10,
    "user_image": "BY NAME",
    "plan_type": "FAMILY",
    "phone_number": "",
    "nimc_number": "",
    "created_at": "",
    "enrolled_by": ""
  },
  {
    "S/N": 24,
    "firstname": "AKINLOYE",
    "lastname": "HAFSAT",
    "middlename": "SILVIA",
    "gender": "F",
    "dob": "28-9-2011",
    "expiry_date": "28-9-2029",
    "id_card_number": "OHIS/A-08/16420/C",
    "CATEGORY": "DEPENDANT",
    "provider_id": 166371,
    "place_of_work": "OFFICE OF TRANSPORTATION",
    "org_id": 10,
    "user_image": "BY NAME",
    "plan_type": "FAMILY",
    "phone_number": "",
    "nimc_number": "",
    "created_at": "",
    "enrolled_by": ""
  },
  {
    "S/N": 25,
    "firstname": "AKINLOYE",
    "lastname": "MARIAM",
    "middlename": "SONIA",
    "gender": "F",
    "dob": "28-11-2018",
    "expiry_date": "28-11-2036",
    "id_card_number": "OHIS/A-08/16420/D",
    "CATEGORY": "DEPENDANT",
    "provider_id": 166371,
    "place_of_work": "OFFICE OF TRANSPORTATION",
    "org_id": 10,
    "user_image": "BY NAME",
    "plan_type": "FAMILY",
    "phone_number": "",
    "nimc_number": "",
    "created_at": "",
    "enrolled_by": ""
  },
  {
    "S/N": 26,
    "firstname": "JOLAYEMI",
    "lastname": "GBOYEGA",
    "middlename": "",
    "gender": "M",
    "dob": "13-1-1979",
    "expiry_date": "13-1-2039",
    "id_card_number": "OHIS/A-04/25940",
    "CATEGORY": "PRINCIPAL",
    "provider_id": 166371,
    "place_of_work": "LOCAL GOVERNMENT STAFF PENSION BOARD",
    "org_id": 10,
    "user_image": "BY NAME",
    "plan_type": "FAMILY",
    "phone_number": "",
    "nimc_number": "",
    "created_at": "",
    "enrolled_by": ""
  },
  {
    "S/N": 27,
    "firstname": "JOLAYEMI",
    "lastname": "CYNTHIA",
    "middlename": "BLESSING",
    "gender": "F",
    "dob": "28-11-1980",
    "expiry_date": "13-1-2039",
    "id_card_number": "OHIS/A-04/25940/D",
    "CATEGORY": "DEPENDANT",
    "provider_id": 166371,
    "place_of_work": "LOCAL GOVERNMENT STAFF PENSION BOARD",
    "org_id": 10,
    "user_image": "BY NAME",
    "plan_type": "FAMILY",
    "phone_number": "",
    "nimc_number": "",
    "created_at": "",
    "enrolled_by": ""
  },
  {
    "S/N": 28,
    "firstname": "JOLAYEMI",
    "lastname": "ELIZABETH",
    "middlename": "",
    "gender": "F",
    "dob": "12/12/2008",
    "expiry_date": "2026-12-12",
    "id_card_number": "OHIS/A-04/25940/E",
    "CATEGORY": "DEPENDANT",
    "provider_id": 166371,
    "place_of_work": "LOCAL GOVERNMENT STAFF PENSION BOARD",
    "org_id": 10,
    "user_image": "BY NAME",
    "plan_type": "FAMILY",
    "phone_number": "",
    "nimc_number": "",
    "created_at": "",
    "enrolled_by": ""
  },
  {
    "S/N": 29,
    "firstname": "JOLAYEMI",
    "lastname": "EMMANUEL",
    "middlename": "DARASIMI",
    "gender": "M",
    "dob": "13-10-2012",
    "expiry_date": "13-10-2030",
    "id_card_number": "OHIS/A-04/25940/A",
    "CATEGORY": "DEPENDANT",
    "provider_id": 166371,
    "place_of_work": "LOCAL GOVERNMENT STAFF PENSION BOARD",
    "org_id": 10,
    "user_image": "BY NAME",
    "plan_type": "FAMILY",
    "phone_number": "",
    "nimc_number": "",
    "created_at": "",
    "enrolled_by": ""
  },
  {
    "S/N": 30,
    "firstname": "JOLAYEMI",
    "lastname": "PAUL",
    "middlename": "DAMILARE",
    "gender": "M",
    "dob": "10/10/2014",
    "expiry_date": "2032-10-10",
    "id_card_number": "OHIS/A-04/25940/B",
    "CATEGORY": "DEPENDANT",
    "provider_id": 166371,
    "place_of_work": "LOCAL GOVERNMENT STAFF PENSION BOARD",
    "org_id": 10,
    "user_image": "BY NAME",
    "plan_type": "FAMILY",
    "phone_number": "",
    "nimc_number": "",
    "created_at": "",
    "enrolled_by": ""
  },
  {
    "S/N": 31,
    "firstname": "JOLAYEMI",
    "lastname": "DAMILOLA",
    "middlename": "",
    "gender": "M",
    "dob": "30-9-2016",
    "expiry_date": "30-9-2034",
    "id_card_number": "OHIS/A-04/25940/C",
    "CATEGORY": "DEPENDANT",
    "provider_id": 166371,
    "place_of_work": "LOCAL GOVERNMENT STAFF PENSION BOARD",
    "org_id": 10,
    "user_image": "BY NAME",
    "plan_type": "FAMILY",
    "phone_number": "",
    "nimc_number": "",
    "created_at": "",
    "enrolled_by": ""
  },
  {
    "S/N": 32,
    "firstname": "ADETORO",
    "lastname": "CHRISTIANA",
    "middlename": "O.",
    "gender": "F",
    "dob": "11/08/1970",
    "expiry_date": "2030-08-11",
    "id_card_number": "OHIS/A-03/31041",
    "CATEGORY": "PRINCIPAL",
    "provider_id": 166371,
    "place_of_work": "EDE NORTH LGA",
    "org_id": 10,
    "user_image": "BY NAME",
    "plan_type": "FAMILY",
    "phone_number": "",
    "nimc_number": "",
    "created_at": "",
    "enrolled_by": ""
  },
  {
    "S/N": 33,
    "firstname": "OYAJIDE",
    "lastname": "OLANIKE",
    "middlename": "MOFOLUWASO",
    "gender": "F",
    "dob": "30/11/1968",
    "expiry_date": "2027-04-27",
    "id_card_number": "OHIS/A-03/31488",
    "CATEGORY": "PRINCIPAL",
    "provider_id": 166371,
    "place_of_work": "OSUN HOUSE OF ASSEMBLY",
    "org_id": 10,
    "user_image": "BY NAME",
    "plan_type": "FAMILY",
    "phone_number": "",
    "nimc_number": "",
    "created_at": "",
    "enrolled_by": ""
  },
  {
    "S/N": 34,
    "firstname": "OYAJIDE",
    "lastname": "DAVID",
    "middlename": "OYEWALE",
    "gender": "M",
    "dob": "30/05/2004",
    "expiry_date": "2022-05-30",
    "id_card_number": "OHIS/A-03/31488/D",
    "CATEGORY": "DEPENDANT",
    "provider_id": 166371,
    "place_of_work": "OSUN HOUSE OF ASSEMBLY",
    "org_id": 10,
    "user_image": "BY NAME",
    "plan_type": "FAMILY",
    "phone_number": "",
    "nimc_number": "",
    "created_at": "",
    "enrolled_by": ""
  },
  {
    "S/N": 35,
    "firstname": "OYERO",
    "lastname": "KAYODE",
    "middlename": "AYOBAMI",
    "gender": "M",
    "dob": "26/06/1987",
    "expiry_date": "2047-06-26",
    "id_card_number": "OHIS/A-03/33418",
    "CATEGORY": "PRINCIPAL",
    "provider_id": 166371,
    "place_of_work": "SUBEB - OROLU",
    "org_id": 10,
    "user_image": "BY NAME",
    "plan_type": "FAMILY",
    "phone_number": "",
    "nimc_number": "",
    "created_at": "",
    "enrolled_by": ""
  },
  {
    "S/N": 36,
    "firstname": "OYERO",
    "lastname": "DAMILOLA",
    "middlename": "ABOSEDE",
    "gender": "F",
    "dob": "01/04/1991",
    "expiry_date": "2047-06-26",
    "id_card_number": "OHIS/A-03/33418/B",
    "CATEGORY": "DEPENDANT",
    "provider_id": 166371,
    "place_of_work": "SUBEB - OROLU",
    "org_id": 10,
    "user_image": "BY NAME",
    "plan_type": "FAMILY",
    "phone_number": "",
    "nimc_number": "",
    "created_at": "",
    "enrolled_by": ""
  },
  {
    "S/N": 37,
    "firstname": "OYERO",
    "lastname": "TEMILADE",
    "middlename": "DORCAS",
    "gender": "F",
    "dob": "05/02/2018",
    "expiry_date": "2036-02-05",
    "id_card_number": "OHIS/A-03/33418/C",
    "CATEGORY": "DEPENDANT",
    "provider_id": 166371,
    "place_of_work": "SUBEB - OROLU",
    "org_id": 10,
    "user_image": "BY NAME",
    "plan_type": "FAMILY",
    "phone_number": "",
    "nimc_number": "",
    "created_at": "",
    "enrolled_by": ""
  },
  {
    "S/N": 38,
    "firstname": "OYEWALE",
    "lastname": "OLUWAKEMI",
    "middlename": "BISI",
    "gender": "F",
    "dob": "01/01/1976",
    "expiry_date": "2036-01-01",
    "id_card_number": "OHIS/A-08/5534",
    "CATEGORY": "PRINCIPAL",
    "provider_id": 166371,
    "place_of_work": "SUBEB - EGBEDORE",
    "org_id": 10,
    "user_image": "BY NAME",
    "plan_type": "FAMILY",
    "phone_number": "",
    "nimc_number": "",
    "created_at": "",
    "enrolled_by": ""
  },
  {
    "S/N": 39,
    "firstname": "ADENIRAN",
    "lastname": "SIMEON",
    "middlename": "OLASUPO",
    "gender": "M",
    "dob": "25/05/1962",
    "expiry_date": "2022-05-25",
    "id_card_number": "OHIS/A-08/19645",
    "CATEGORY": "PRINCIPAL",
    "provider_id": 166371,
    "place_of_work": "TEACHER'S ESTABLISHMENT & PENSIONS OFFICE",
    "org_id": 10,
    "user_image": "BY NAME",
    "plan_type": "FAMILY",
    "phone_number": "",
    "nimc_number": "",
    "created_at": "",
    "enrolled_by": ""
  },
  {
    "S/N": 40,
    "firstname": "ADENIRAN",
    "lastname": "FOLUKE",
    "middlename": "VICTORIA",
    "gender": "F",
    "dob": "01/01/1964",
    "expiry_date": "2022-05-25",
    "id_card_number": "OHIS/A-08/19645/E",
    "CATEGORY": "DEPENDANT",
    "provider_id": 166371,
    "place_of_work": "TEACHER'S ESTABLISHMENT & PENSIONS OFFICE",
    "org_id": 10,
    "user_image": "BY NAME",
    "plan_type": "FAMILY",
    "phone_number": "",
    "nimc_number": "",
    "created_at": "",
    "enrolled_by": ""
  },
  {
    "S/N": 41,
    "firstname": "OGUNJINMI",
    "lastname": "FISAYO",
    "middlename": "EUNICE",
    "gender": "F",
    "dob": "28-08-1983",
    "expiry_date": "2043-08-28",
    "id_card_number": "OHIS/A-08/18083",
    "CATEGORY": "PRINCIPAL",
    "provider_id": 166371,
    "place_of_work": "SUBEB - EDE SOUTH",
    "org_id": 10,
    "user_image": "BY NAME",
    "plan_type": "FAMILY",
    "phone_number": "",
    "nimc_number": "",
    "created_at": "",
    "enrolled_by": ""
  },
  {
    "S/N": 42,
    "firstname": "ADEDIRAN",
    "lastname": "MARY",
    "middlename": "BOLA",
    "gender": "F",
    "dob": "19/05/2005",
    "expiry_date": "2022-11-15",
    "id_card_number": "OHIS/A-01/19459",
    "CATEGORY": "PRINCIPAL",
    "provider_id": 166371,
    "place_of_work": "SUBEB - HDQ",
    "org_id": 10,
    "user_image": "BY NAME",
    "plan_type": "FAMILY",
    "phone_number": "",
    "nimc_number": "",
    "created_at": "",
    "enrolled_by": ""
  },
  {
    "S/N": 43,
    "firstname": "ADEBAYO",
    "lastname": "TEMITOPE",
    "middlename": "AJIBOLA",
    "gender": "F",
    "dob": "27/08/1979",
    "expiry_date": "2044-08-27",
    "id_card_number": "OHIS/A-01/43691",
    "CATEGORY": "PRINCIPAL",
    "provider_id": 166371,
    "place_of_work": "OSUN COLLEGE OF TECHNOLOGY, ESA-OKE",
    "org_id": 10,
    "user_image": "BY NAME",
    "plan_type": "FAMILY",
    "phone_number": "",
    "nimc_number": "",
    "created_at": "",
    "enrolled_by": ""
  },
  {
    "S/N": 44,
    "firstname": "ADEBAYO",
    "lastname": "ABASS",
    "middlename": "ADEKOLA",
    "gender": "M",
    "dob": "04/03/1971",
    "expiry_date": "15-5-2043",
    "id_card_number": "OHIS/A-01/43691/A",
    "CATEGORY": "DEPENDANT",
    "provider_id": 166371,
    "place_of_work": "OSUN COLLEGE OF TECHNOLOGY, ESA-OKE",
    "org_id": 10,
    "user_image": "BY NAME",
    "plan_type": "FAMILY",
    "phone_number": "",
    "nimc_number": "",
    "created_at": "",
    "enrolled_by": ""
  },
  {
    "S/N": 45,
    "firstname": "ADEBAYO",
    "lastname": "EMMANUEL",
    "middlename": "INIOLUWA",
    "gender": "M",
    "dob": "06/09/2009",
    "expiry_date": "2027-09-06",
    "id_card_number": "OHIS/A-01/43691/B",
    "CATEGORY": "DEPENDANT",
    "provider_id": 166371,
    "place_of_work": "OSUN COLLEGE OF TECHNOLOGY, ESA-OKE",
    "org_id": 10,
    "user_image": "BY NAME",
    "plan_type": "FAMILY",
    "phone_number": "",
    "nimc_number": "",
    "created_at": "",
    "enrolled_by": ""
  },
  {
    "S/N": 46,
    "firstname": "ADEBAYO",
    "lastname": "DANIEL",
    "middlename": "ADEBOWALE",
    "gender": "M",
    "dob": "26-3-2011",
    "expiry_date": "26-3-2029",
    "id_card_number": "OHIS/A-01/43691/C",
    "CATEGORY": "DEPENDANT",
    "provider_id": 166371,
    "place_of_work": "OSUN COLLEGE OF TECHNOLOGY, ESA-OKE",
    "org_id": 10,
    "user_image": "BY NAME",
    "plan_type": "FAMILY",
    "phone_number": "",
    "nimc_number": "",
    "created_at": "",
    "enrolled_by": ""
  },
  {
    "S/N": 47,
    "firstname": "ADEBAYO",
    "lastname": "FAVOUR",
    "middlename": "DORCAS",
    "gender": "F",
    "dob": "28-4-2013",
    "expiry_date": "28-4-2031",
    "id_card_number": "OHIS/A-01/43691/D",
    "CATEGORY": "DEPENDANT",
    "provider_id": 166371,
    "place_of_work": "OSUN COLLEGE OF TECHNOLOGY, ESA-OKE",
    "org_id": 10,
    "user_image": "BY NAME",
    "plan_type": "FAMILY",
    "phone_number": "",
    "nimc_number": "",
    "created_at": "",
    "enrolled_by": ""
  },
  {
    "S/N": 48,
    "firstname": "OLAYINKA",
    "lastname": "BUKOLA",
    "middlename": "SIYANBOLA",
    "gender": "F",
    "dob": "11/05/1982",
    "expiry_date": "2042-11-05",
    "id_card_number": "OHIS/A-08/11987",
    "CATEGORY": "PRINCIPAL",
    "provider_id": 166371,
    "place_of_work": "MINISTRY OF ENVIRONMENT & SANITATION",
    "org_id": 10,
    "user_image": "BY NAME",
    "plan_type": "FAMILY",
    "phone_number": "",
    "nimc_number": "",
    "created_at": "",
    "enrolled_by": ""
  },
  {
    "S/N": 49,
    "firstname": "DURODOLA",
    "lastname": "MOYOSORE",
    "middlename": "",
    "gender": "M",
    "dob": "24/05/1976",
    "expiry_date": "2042-11-05",
    "id_card_number": "OHIS/A-08/11987/B",
    "CATEGORY": "DEPENDANT",
    "provider_id": 166371,
    "place_of_work": "MINISTRY OF ENVIRONMENT & SANITATION",
    "org_id": 10,
    "user_image": "BY NAME",
    "plan_type": "FAMILY",
    "phone_number": "",
    "nimc_number": "",
    "created_at": "",
    "enrolled_by": ""
  },
  {
    "S/N": 50,
    "firstname": "ADEBOYE",
    "lastname": "FELICIA",
    "middlename": "PRECIOUS",
    "gender": "F",
    "dob": "19/08/2007",
    "expiry_date": "2025-08-19",
    "id_card_number": "OHIS/A-08/11987/C",
    "CATEGORY": "DEPENDANT",
    "provider_id": 166371,
    "place_of_work": "MINISTRY OF ENVIRONMENT & SANITATION",
    "org_id": 10,
    "user_image": "BY NAME",
    "plan_type": "FAMILY",
    "phone_number": "",
    "nimc_number": "",
    "created_at": "",
    "enrolled_by": ""
  },
  {
    "S/N": 51,
    "firstname": "ADEBOYE",
    "lastname": "ABIOLA",
    "middlename": "P.",
    "gender": "M",
    "dob": "22/11/2009",
    "expiry_date": "2027-11-22",
    "id_card_number": "OHIS/A-08/11987/D",
    "CATEGORY": "DEPENDANT",
    "provider_id": 166371,
    "place_of_work": "MINISTRY OF ENVIRONMENT & SANITATION",
    "org_id": 10,
    "user_image": "BY NAME",
    "plan_type": "FAMILY",
    "phone_number": "",
    "nimc_number": "",
    "created_at": "",
    "enrolled_by": ""
  },
  {
    "S/N": 52,
    "firstname": "DURODOLA",
    "lastname": "SAMUEL",
    "middlename": "AYANFEJESU",
    "gender": "M",
    "dob": "24/08/2019",
    "expiry_date": "2037-08-24",
    "id_card_number": "OHIS/A-08/11987/E",
    "CATEGORY": "DEPENDANT",
    "provider_id": 166371,
    "place_of_work": "MINISTRY OF ENVIRONMENT & SANITATION",
    "org_id": 10,
    "user_image": "BY NAME",
    "plan_type": "FAMILY",
    "phone_number": "",
    "nimc_number": "",
    "created_at": "",
    "enrolled_by": ""
  },
  {
    "S/N": 53,
    "firstname": "FESOJAYE",
    "lastname": "OLADIMEJI",
    "middlename": "",
    "gender": "M",
    "dob": "23/05/1978",
    "expiry_date": "2047-11-07",
    "id_card_number": "OHIS/A-01/4497/C",
    "CATEGORY": "DEPENDANT",
    "provider_id": 166371,
    "place_of_work": "MINISTRY OF EDUCATION",
    "org_id": 10,
    "user_image": "BY NAME",
    "plan_type": "FAMILY",
    "phone_number": "",
    "nimc_number": "",
    "created_at": "",
    "enrolled_by": ""
  },
  {
    "S/N": 54,
    "firstname": "FESOJAYE",
    "lastname": "KEZIA",
    "middlename": "FEYIKEMI",
    "gender": "M",
    "dob": "25/08/2015",
    "expiry_date": "2033-11-07",
    "id_card_number": "OHIS/A-01/4497/D",
    "CATEGORY": "DEPENDANT",
    "provider_id": 166371,
    "place_of_work": "MINISTRY OF EDUCATION",
    "org_id": 10,
    "user_image": "BY NAME",
    "plan_type": "FAMILY",
    "phone_number": "",
    "nimc_number": "",
    "created_at": "",
    "enrolled_by": ""
  },
  {
    "S/N": 55,
    "firstname": "OGUNJINMI",
    "lastname": "DANIEL",
    "middlename": "OPEMIPO",
    "gender": "M",
    "dob": "11/06/2011",
    "expiry_date": "2029-06-11",
    "id_card_number": "OHIS/A-08/18083/A",
    "CATEGORY": "DEPENDANT",
    "provider_id": 166371,
    "place_of_work": "MINISTRY OF EDUCATION",
    "org_id": 10,
    "user_image": "BY NAME",
    "plan_type": "FAMILY",
    "phone_number": "",
    "nimc_number": "",
    "created_at": "",
    "enrolled_by": ""
  },
  {
    "S/N": 56,
    "firstname": "OGUNJINMI",
    "lastname": "DEBORAH",
    "middlename": "ANUOLUWAPO",
    "gender": "F",
    "dob": "04/04/2014",
    "expiry_date": "2032-04-04",
    "id_card_number": "OHIS/A-08/18083/B",
    "CATEGORY": "DEPENDANT",
    "provider_id": 166371,
    "place_of_work": "MINISTRY OF EDUCATION",
    "org_id": 10,
    "user_image": "BY NAME",
    "plan_type": "FAMILY",
    "phone_number": "",
    "nimc_number": "",
    "created_at": "",
    "enrolled_by": ""
  },
  {
    "S/N": 57,
    "firstname": "OGUNJINMI",
    "lastname": "GABRIELLE",
    "middlename": "TOLUWALASE",
    "gender": "F",
    "dob": "09/04/2016",
    "expiry_date": "2034-04-09",
    "id_card_number": "OHIS/A-08/18083/C",
    "CATEGORY": "DEPENDANT",
    "provider_id": 166371,
    "place_of_work": "MINISTRY OF EDUCATION",
    "org_id": 10,
    "user_image": "BY NAME",
    "plan_type": "FAMILY",
    "phone_number": "",
    "nimc_number": "",
    "created_at": "",
    "enrolled_by": ""
  },
  {
    "S/N": 58,
    "firstname": "BARUWA",
    "lastname": "SAKIRAT",
    "middlename": "FOLASADE",
    "gender": "F",
    "dob": "24/04/1976",
    "expiry_date": "2036-04-24",
    "id_card_number": "OHIS/A-01/19535",
    "CATEGORY": "PRINCIPAL",
    "provider_id": 166371,
    "place_of_work": "STATE UNIVERSAL BASIC EDUCATION BOARD (SUBEB) HEADQUATERS",
    "org_id": 10,
    "user_image": "BY NAME",
    "plan_type": "FAMILY",
    "phone_number": "",
    "nimc_number": "",
    "created_at": "",
    "enrolled_by": ""
  },
  {
    "S/N": 59,
    "firstname": "BARUWA",
    "lastname": "ABDUL",
    "middlename": "MALIK",
    "gender": "M",
    "dob": "24/04/2008",
    "expiry_date": "2036-04-24",
    "id_card_number": "OHIS/A-01/19535/B",
    "CATEGORY": "DEPENDANT",
    "provider_id": 166371,
    "place_of_work": "STATE UNIVERSAL BASIC EDUCATION BOARD (SUBEB) HEADQUATERS",
    "org_id": 10,
    "user_image": "BY NAME",
    "plan_type": "FAMILY",
    "phone_number": "",
    "nimc_number": "",
    "created_at": "",
    "enrolled_by": ""
  },
  {
    "S/N": 60,
    "firstname": "BARUWA",
    "lastname": "KAOSARA",
    "middlename": "OLAMIDE",
    "gender": "F",
    "dob": "24/04/2006",
    "expiry_date": "2024-04-24",
    "id_card_number": "OHIS/A-01/19535/C",
    "CATEGORY": "DEPENDANT",
    "provider_id": 166371,
    "place_of_work": "STATE UNIVERSAL BASIC EDUCATION BOARD (SUBEB) HEADQUATERS",
    "org_id": 10,
    "user_image": "BY NAME",
    "plan_type": "FAMILY",
    "phone_number": "",
    "nimc_number": "",
    "created_at": "",
    "enrolled_by": ""
  },
  {
    "S/N": 61,
    "firstname": "ALUKO",
    "lastname": "RACHAEL",
    "middlename": "ABIDEMI",
    "gender": "F",
    "dob": "05/07/1963",
    "expiry_date": "2026-06-17",
    "id_card_number": "OHIS/A-07/37884",
    "CATEGORY": "PRINCIPAL",
    "provider_id": 166371,
    "place_of_work": "LCDA - ILESA WEST CENTRAL",
    "org_id": 10,
    "user_image": "BY NAME",
    "plan_type": "FAMILY",
    "phone_number": "",
    "nimc_number": "",
    "created_at": "02/07/2021",
    "enrolled_by": "FRONT DESK"
  },
  {
    "S/N": 62,
    "firstname": "BADEJOKO",
    "lastname": "EUNICE",
    "middlename": "OSARIEMEN",
    "gender": "F",
    "dob": "30-09-1971",
    "expiry_date": "15-03-2025",
    "id_card_number": "OHIS/A-04/28287",
    "CATEGORY": "PRINCIPAL",
    "provider_id": 166371,
    "place_of_work": "OLORUNDA LGA",
    "org_id": 10,
    "user_image": "BY NAME",
    "plan_type": "FAMILY",
    "phone_number": "",
    "nimc_number": "",
    "created_at": "21/09/2021",
    "enrolled_by": "FRONT DESK"
  },
  {
    "S/N": 63,
    "firstname": "BEYIOKU",
    "lastname": "GRACE",
    "middlename": "ADERONKE",
    "gender": "F",
    "dob": "27/07/1957",
    "expiry_date": "31-04-2022",
    "id_card_number": "OHIS/A-01/44872",
    "CATEGORY": "PRINCIPAL",
    "provider_id": 166371,
    "place_of_work": "INFORMAL CONTRIBUTOR",
    "org_id": 10,
    "user_image": "BY NAME",
    "plan_type": "INDIVIDUAL",
    "phone_number": "08070944787",
    "nimc_number": "",
    "created_at": "",
    "enrolled_by": ""
  },
  {
    "S/N": 64,
    "firstname": "OLUWATUYI",
    "lastname": "FLORENCE",
    "middlename": "",
    "gender": "F",
    "dob": "10/08/1947",
    "expiry_date": "2022-05-31",
    "id_card_number": "OHIS/A-01/44986",
    "CATEGORY": "PRINCIPAL",
    "provider_id": 166371,
    "place_of_work": "INFORMAL CONTRIBUTOR",
    "org_id": 10,
    "user_image": "BY NAME",
    "plan_type": "INDIVIDUAL",
    "phone_number": "08036836552",
    "nimc_number": "",
    "created_at": "",
    "enrolled_by": ""
  },
  {
    "S/N": 65,
    "firstname": "BALOGUN",
    "lastname": "TOYIN",
    "middlename": "AJIBIKE",
    "gender": "F",
    "dob": "22/12/1977",
    "expiry_date": "2022-05-31",
    "id_card_number": "OHIS/A-01/45063",
    "CATEGORY": "PRINCIPAL",
    "provider_id": 166371,
    "place_of_work": "INFORMAL CONTRIBUTOR",
    "org_id": 10,
    "user_image": "BY NAME",
    "plan_type": "INDIVIDUAL",
    "phone_number": "",
    "nimc_number": "",
    "created_at": "",
    "enrolled_by": ""
  },
  {
    "S/N": 66,
    "firstname": "OBISESAN",
    "lastname": "ADEGBOYEGA",
    "middlename": "",
    "gender": "M",
    "dob": "14/07/1981",
    "expiry_date": "2022-05-31",
    "id_card_number": "OHIS/A-01/45063/A",
    "CATEGORY": "DEPENDANT",
    "provider_id": 166371,
    "place_of_work": "INFORMAL CONTRIBUTOR",
    "org_id": 10,
    "user_image": "BY NAME",
    "plan_type": "FAMILY",
    "phone_number": "",
    "nimc_number": "",
    "created_at": "",
    "enrolled_by": ""
  },
  {
    "S/N": 67,
    "firstname": "OBISESAN",
    "lastname": "REBECCA",
    "middlename": "BOLARINWA",
    "gender": "F",
    "dob": "11/06/1990",
    "expiry_date": "2022-05-31",
    "id_card_number": "OHIS/A-01/45064",
    "CATEGORY": "PRINCIPAL",
    "provider_id": 166371,
    "place_of_work": "INFORMAL CONTRIBUTOR",
    "org_id": 10,
    "user_image": "BY NAME",
    "plan_type": "FAMILY",
    "phone_number": "",
    "nimc_number": "",
    "created_at": "",
    "enrolled_by": ""
  },
  {
    "S/N": 68,
    "firstname": "OBISESAN",
    "lastname": "SHALOM",
    "middlename": "",
    "gender": "F",
    "dob": "13/02/2019",
    "expiry_date": "2022-05-31",
    "id_card_number": "OHIS/A-01/45064/A",
    "CATEGORY": "DEPENDANT",
    "provider_id": 166371,
    "place_of_work": "INFORMAL CONTRIBUTOR",
    "org_id": 10,
    "user_image": "BY NAME",
    "plan_type": "FAMILY",
    "phone_number": "",
    "nimc_number": "",
    "created_at": "",
    "enrolled_by": ""
  },
  {
    "S/N": 69,
    "firstname": "ADEBODUN",
    "lastname": "ADETOYE",
    "middlename": "KABIR",
    "gender": "M",
    "dob": "31/05/1983",
    "expiry_date": "2022-07-31",
    "id_card_number": "OHIS/A-01/45511",
    "CATEGORY": "PRINCIPAL",
    "provider_id": 166371,
    "place_of_work": "INFORMAL CONTRIBUTOR",
    "org_id": 10,
    "user_image": "BY NAME",
    "plan_type": "FAMILY",
    "phone_number": "08025473212",
    "nimc_number": "",
    "created_at": "23/07/2021",
    "enrolled_by": "FRONT DESK"
  },
  {
    "S/N": 70,
    "firstname": "ADEBODUN",
    "lastname": "GANIYAT",
    "middlename": "OLABISI",
    "gender": "F",
    "dob": "04/07/1986",
    "expiry_date": "2022-07-31",
    "id_card_number": "OHIS/A-01/45511/A",
    "CATEGORY": "DEPENDANT",
    "provider_id": 166371,
    "place_of_work": "INFORMAL CONTRIBUTOR",
    "org_id": 10,
    "user_image": "BY NAME",
    "plan_type": "FAMILY",
    "phone_number": "08025473212",
    "nimc_number": "",
    "created_at": "23/07/2021",
    "enrolled_by": "FRONT DESK"
  },
  {
    "S/N": 71,
    "firstname": "ADEBODUN",
    "lastname": "AZEEMAH",
    "middlename": "ADEWUMI",
    "gender": "F",
    "dob": "20/10/2017",
    "expiry_date": "2022-07-31",
    "id_card_number": "OHIS/A-01/45511/B",
    "CATEGORY": "DEPENDANT",
    "provider_id": 166371,
    "place_of_work": "INFORMAL CONTRIBUTOR",
    "org_id": 10,
    "user_image": "BY NAME",
    "plan_type": "FAMILY",
    "phone_number": "08025473212",
    "nimc_number": "",
    "created_at": "23/07/2021",
    "enrolled_by": "FRONT DESK"
  },
  {
    "S/N": 72,
    "firstname": "AKANBI",
    "lastname": "OLADAYO",
    "middlename": "AJIKE",
    "gender": "F",
    "dob": "24/10/1982",
    "expiry_date": "2022-07-31",
    "id_card_number": "OHIS/A-02/45513",
    "CATEGORY": "PRINCIPAL",
    "provider_id": 166371,
    "place_of_work": "INFORMAL CONTRIBUTOR",
    "org_id": 10,
    "user_image": "BY NAME",
    "plan_type": "FAMILY",
    "phone_number": "08139017984",
    "nimc_number": "",
    "created_at": "23/07/2021",
    "enrolled_by": "FRONT DESK"
  },
  {
    "S/N": 73,
    "firstname": "FESOJAYE",
    "lastname": "DASOLA",
    "middlename": "",
    "gender": "F",
    "dob": "11/07/1987",
    "expiry_date": "2047-07-11",
    "id_card_number": "OHIS/A-01/4497",
    "CATEGORY": "FORMAL",
    "provider_id": 166371,
    "place_of_work": "AIICO",
    "org_id": 10,
    "user_image": "BY NAME",
    "plan_type": "FAMILY",
    "phone_number": "",
    "nimc_number": "",
    "created_at": "",
    "enrolled_by": ""
  }
]