{
    "lgas": [
      {
        "id": "602",
        "local_name": "Atakunmosa East",
        "tpa_id": "13",
        "tpa_name": "NONSUCH MEDICARE LIMITED"
      },
      {
        "id": "603",
        "local_name": "Atakunmosa West",
        "tpa_id": "13",
        "tpa_name": "NONSUCH MEDICARE LIMITED"
      },
      {
        "id": "604",
        "local_name": "Aiyedaade",
        "tpa_id": "12",
        "tpa_name": "MEDIPLAN HEALTHCARE LIMITED"
      },
      {
        "id": "605",
        "local_name": "AYEDIRE",
        "tpa_id": "17",
        "tpa_name": "MARINA MEDICAL SERVICES (HMO) LIMITED"
      },
      {
        "id": "606",
        "local_name": "Boluwaduro",
        "tpa_id": "16",
        "tpa_name": "AIICOMULTISHIELD LIMITED"
      },
      {
        "id": "607",
        "local_name": "Boripe",
        "tpa_id": "14",
        "tpa_name": "MAAYOIT HEALTHCARE LIMITED"
      },
      {
        "id": "608",
        "local_name": "Ede North",
        "tpa_id": "16",
        "tpa_name": "AIICOMULTISHIELD LIMITED"
      },
      {
        "id": "609",
        "local_name": "Ede South",
        "tpa_id": "16",
        "tpa_name": "AIICOMULTISHIELD LIMITED"
      },
      {
        "id": "610",
        "local_name": "Ife Central",
        "tpa_id": "11",
        "tpa_name": "UNITED HEALTHCARE INTERNATIONAL LIMITED"
      },
      {
        "id": "611",
        "local_name": "Ife East",
        "tpa_id": "11",
        "tpa_name": "UNITED HEALTHCARE INTERNATIONAL LIMITED"
      },
      {
        "id": "612",
        "local_name": "Ife North",
        "tpa_id": "11",
        "tpa_name": "UNITED HEALTHCARE INTERNATIONAL LIMITED"
      },
      {
        "id": "613",
        "local_name": "Ife South",
        "tpa_id": "11",
        "tpa_name": "UNITED HEALTHCARE INTERNATIONAL LIMITED"
      },
      {
        "id": "614",
        "local_name": "Egbedore",
        "tpa_id": "16",
        "tpa_name": "AIICOMULTISHIELD LIMITED"
      },
      {
        "id": "615",
        "local_name": "Ejigbo",
        "tpa_id": "16",
        "tpa_name": "AIICOMULTISHIELD LIMITED"
      },
      {
        "id": "615",
        "local_name": "Ifedayo",
        "tpa_id": "11",
        "tpa_name": "UNITED HEALTHCARE INTERNATIONAL LIMITED"
      },
      {
        "id": "617",
        "local_name": "Ifelodun",
        "tpa_id": "14",
        "tpa_name": "MAAYOIT HEALTHCARE LIMITED"
      },
      {
        "id": "618",
        "local_name": "Ila",
        "tpa_id": "10",
        "tpa_name": "ULTIMATE HEALTH MANAGEMENT SERVICES LIMITED"
      },
      {
        "id": "619",
        "local_name": "Ilesha East",
        "tpa_id": "13",
        "tpa_name": "NONSUCH MEDICARE LIMITED"
      },
      {
        "id": "620",
        "local_name": "Ilesha West",
        "tpa_id": "13",
        "tpa_name": "NONSUCH MEDICARE LIMITED"
      },
      {
        "id": "621",
        "local_name": "Irepodun",
        "tpa_id": "10",
        "tpa_name": "ULTIMATE HEALTH MANAGEMENT SERVICES LIMITED"
      },
      {
        "id": "622",
        "local_name": "Irewole",
        "tpa_id": "12",
        "tpa_name": "MEDIPLAN HEALTHCARE LIMITED"
      },
      {
        "id": "623",
        "local_name": "Isokan",
        "tpa_id": "12",
        "tpa_name": "MEDIPLAN HEALTHCARE LIMITED"
      },
      {
        "id": "624",
        "local_name": "Iwo",
        "tpa_id": "17",
        "tpa_name": "MARINA MEDICAL SERVICES (HMO) LIMITED"
      },
      {
        "id": "625",
        "local_name": "Obokun",
        "tpa_id": "15",
        "tpa_name": "INTERNATIONAL HEALTH MANAGEMENT SERVICES LIMITED"
      },
      {
        "id": "626",
        "local_name": "Odo Otin",
        "tpa_id": "14",
        "tpa_name": "MAAYOIT HEALTHCARE LIMITED"
      },
      {
        "id": "627",
        "local_name": "Ola Oluwa",
        "tpa_id": "17",
        "tpa_name": "MARINA MEDICAL SERVICES (HMO) LIMITED"
      },
      {
        "id": "628",
        "local_name": "Olorunda",
        "tpa_id": "10",
        "tpa_name": "ULTIMATE HEALTH MANAGEMENT SERVICES LIMITED"
      },
      {
        "id": "629",
        "local_name": "Oriade",
        "tpa_id": "15",
        "tpa_name": "INTERNATIONAL HEALTH MANAGEMENT SERVICES LIMITED"
      },
      {
        "id": "630",
        "local_name": "Orolu",
        "tpa_id": "10",
        "tpa_name": "ULTIMATE HEALTH MANAGEMENT SERVICES LIMITED"
      },
      {
        "id": "631",
        "local_name": "Osogbo",
        "tpa_id": "10",
        "tpa_name": "ULTIMATE HEALTH MANAGEMENT SERVICES"
      }
    ]
  }
  
  