{
    "data": [
        {
            "id": 256,
            "name": "LGPHCA - LCDA - ORIADE SOUTH",
            "created_at": "2021-05-25 16:57:17",
            "updated_at": "2021-05-25 16:57:17",
            "agency_id": 95930,
            "type": null
        },
        {
            "id": 257,
            "name": "LGPHCA - LCDA - OROLU ADMINISTRATIVE OFFICE",
            "created_at": "2021-05-25 16:57:17",
            "updated_at": "2021-05-25 16:57:17",
            "agency_id": 95930,
            "type": null
        },
        {
            "id": 258,
            "name": "LGPHCA - LCDA - OSOGBO SOUTH",
            "created_at": "2021-05-25 16:57:17",
            "updated_at": "2021-05-25 16:57:17",
            "agency_id": 95930,
            "type": null
        },
        {
            "id": 259,
            "name": "LGPHCA - LCDA - OSOGBO WEST",
            "created_at": "2021-05-25 16:57:17",
            "updated_at": "2021-05-25 16:57:17",
            "agency_id": 95930,
            "type": null
        },
        {
            "id": 260,
            "name": "LGPHCA - LCDA -OLAOLUWA SOUTH EAST",
            "created_at": "2021-05-25 16:57:17",
            "updated_at": "2021-05-25 16:57:17",
            "agency_id": 95930,
            "type": null
        },
        {
            "id": 261,
            "name": "LGPHCA - OBOKUN LGA",
            "created_at": "2021-05-25 16:57:17",
            "updated_at": "2021-05-25 16:57:17",
            "agency_id": 95930,
            "type": null
        },
        {
            "id": 262,
            "name": "LGPHCA - ODO OTIN LGA",
            "created_at": "2021-05-25 16:57:17",
            "updated_at": "2021-05-25 16:57:17",
            "agency_id": 95930,
            "type": null
        },
        {
            "id": 263,
            "name": "LGPHCA - OLA OLUWA LGA",
            "created_at": "2021-05-25 16:57:17",
            "updated_at": "2021-05-25 16:57:17",
            "agency_id": 95930,
            "type": null
        },
        {
            "id": 264,
            "name": "LGPHCA - OLORUNDA LGA",
            "created_at": "2021-05-25 16:57:17",
            "updated_at": "2021-05-25 16:57:17",
            "agency_id": 95930,
            "type": null
        },
        {
            "id": 265,
            "name": "LGPHCA - ORIADE LGA",
            "created_at": "2021-05-25 16:57:17",
            "updated_at": "2021-05-25 16:57:17",
            "agency_id": 95930,
            "type": null
        },
        {
            "id": 266,
            "name": "LGPHCA - OROLU LGA",
            "created_at": "2021-05-25 16:57:17",
            "updated_at": "2021-05-25 16:57:17",
            "agency_id": 95930,
            "type": null
        },
        {
            "id": 267,
            "name": "LGPHCA - OSOGBO LGA",
            "created_at": "2021-05-25 16:57:17",
            "updated_at": "2021-05-25 16:57:17",
            "agency_id": 95930,
            "type": null
        },
        {
            "id": 268,
            "name": "LIBRARY BOARD",
            "created_at": "2021-05-25 16:57:17",
            "updated_at": "2021-05-25 16:57:17",
            "agency_id": 95930,
            "type": null
        },
        {
            "id": 269,
            "name": "LOCAL GOVERNMENT LOANS BOARD",
            "created_at": "2021-05-25 16:57:17",
            "updated_at": "2021-05-25 16:57:17",
            "agency_id": 95930,
            "type": null
        },
        {
            "id": 270,
            "name": "LOCAL GOVERNMENT SERVICE COMMISSION",
            "created_at": "2021-05-25 16:57:17",
            "updated_at": "2021-05-25 16:57:17",
            "agency_id": 95930,
            "type": null
        },
        {
            "id": 271,
            "name": "LOCAL GOVERNMENT STAFF PENSION BOARD",
            "created_at": "2021-05-25 16:57:17",
            "updated_at": "2021-05-25 16:57:17",
            "agency_id": 95930,
            "type": null
        },
        {
            "id": 272,
            "name": "MINISTRY OF AGRICULTURE & FOOD SECURITY",
            "created_at": "2021-05-25 16:57:17",
            "updated_at": "2021-05-25 16:57:17",
            "agency_id": 95930,
            "type": null
        },
        {
            "id": 273,
            "name": "MINISTRY OF COMMERCE COOPORATIVES & EMPOWERMENT",
            "created_at": "2021-05-25 16:57:17",
            "updated_at": "2021-05-25 16:57:17",
            "agency_id": 95930,
            "type": null
        },
        {
            "id": 274,
            "name": "MINISTRY OF EDUCATION",
            "created_at": "2021-05-25 16:57:17",
            "updated_at": "2021-05-25 16:57:17",
            "agency_id": 95930,
            "type": null
        },
        {
            "id": 275,
            "name": "MINISTRY OF ENVIRONMENT & SANITATION",
            "created_at": "2021-05-25 16:57:17",
            "updated_at": "2021-05-25 16:57:17",
            "agency_id": 95930,
            "type": null
        },
        {
            "id": 276,
            "name": "MINISTRY OF FINANCE",
            "created_at": "2021-05-25 16:57:17",
            "updated_at": "2021-05-25 16:57:17",
            "agency_id": 95930,
            "type": null
        },
        {
            "id": 277,
            "name": "MINISTRY OF HEALTH",
            "created_at": "2021-05-25 16:57:17",
            "updated_at": "2021-05-25 16:57:17",
            "agency_id": 95930,
            "type": null
        },
        {
            "id": 278,
            "name": "MINISTRY OF HOME AFFAIRS",
            "created_at": "2021-05-25 16:57:17",
            "updated_at": "2021-05-25 16:57:17",
            "agency_id": 95930,
            "type": null
        },
        {
            "id": 279,
            "name": "MINISTRY OF HUMAN RESOURCES & CAPACITY BUILDING",
            "created_at": "2021-05-25 16:57:17",
            "updated_at": "2021-05-25 16:57:17",
            "agency_id": 95930,
            "type": null
        },
        {
            "id": 280,
            "name": "MINISTRY OF INFORMATION & CIVIC ORIENTATION",
            "created_at": "2021-05-25 16:57:17",
            "updated_at": "2021-05-25 16:57:17",
            "agency_id": 95930,
            "type": null
        },
        {
            "id": 281,
            "name": "MINISTRY OF INNOVATION",
            "created_at": "2021-05-25 16:57:17",
            "updated_at": "2021-05-25 16:57:17",
            "agency_id": 95930,
            "type": null
        },
        {
            "id": 282,
            "name": "MINISTRY OF JUSTICE",
            "created_at": "2021-05-25 16:57:17",
            "updated_at": "2021-05-25 16:57:17",
            "agency_id": 95930,
            "type": null
        },
        {
            "id": 283,
            "name": "MINISTRY OF LANDS",
            "created_at": "2021-05-25 16:57:17",
            "updated_at": "2021-05-25 16:57:17",
            "agency_id": 95930,
            "type": null
        },
        {
            "id": 284,
            "name": "MINISTRY OF LOCAL GOVERNMENT & CHIEFTAINCY AFFAIRS",
            "created_at": "2021-05-25 16:57:17",
            "updated_at": "2021-05-25 16:57:17",
            "agency_id": 95930,
            "type": null
        },
        {
            "id": 285,
            "name": "MINISTRY OF REGIONAL INTEGRATION & SPECIAL DUTY",
            "created_at": "2021-05-25 16:57:17",
            "updated_at": "2021-05-25 16:57:17",
            "agency_id": 95930,
            "type": null
        },
        {
            "id": 286,
            "name": "MINISTRY OF RURAL DEVELOPMENT & COMMUNITY AFFAIRS",
            "created_at": "2021-05-25 16:57:17",
            "updated_at": "2021-05-25 16:57:17",
            "agency_id": 95930,
            "type": null
        },
        {
            "id": 287,
            "name": "MINISTRY OF WATER RESOURCES & ENERGY",
            "created_at": "2021-05-25 16:57:17",
            "updated_at": "2021-05-25 16:57:17",
            "agency_id": 95930,
            "type": null
        },
        {
            "id": 288,
            "name": "MINISTRY OF WOMEN & CHILDREN AFFAIRS",
            "created_at": "2021-05-25 16:57:17",
            "updated_at": "2021-05-25 16:57:17",
            "agency_id": 95930,
            "type": null
        },
        {
            "id": 289,
            "name": "MINISTRY OF WORKS & TRANSPORT",
            "created_at": "2021-05-25 16:57:17",
            "updated_at": "2021-05-25 16:57:17",
            "agency_id": 95930,
            "type": null
        },
        {
            "id": 290,
            "name": "MINISTRY OF YOUTHS",
            "created_at": "2021-05-25 16:57:17",
            "updated_at": "2021-05-25 16:57:17",
            "agency_id": 95930,
            "type": null
        },
        {
            "id": 291,
            "name": "NEW TOWN DEVELOPMENT AUTHORITY",
            "created_at": "2021-05-25 16:57:17",
            "updated_at": "2021-05-25 16:57:17",
            "agency_id": 95930,
            "type": null
        },
        {
            "id": 292,
            "name": "OBOKUN LGA",
            "created_at": "2021-05-25 16:57:17",
            "updated_at": "2021-05-25 16:57:17",
            "agency_id": 95930,
            "type": null
        },
        {
            "id": 293,
            "name": "OCEDO - ATAKUMOSA WEST",
            "created_at": "2021-05-25 16:57:17",
            "updated_at": "2021-05-25 16:57:17",
            "agency_id": 95930,
            "type": null
        },
        {
            "id": 294,
            "name": "OCEDO - BORIPE",
            "created_at": "2021-05-25 16:57:17",
            "updated_at": "2021-05-25 16:57:17",
            "agency_id": 95930,
            "type": null
        },
        {
            "id": 295,
            "name": "OCEDO - IFE NORTH",
            "created_at": "2021-05-25 16:57:17",
            "updated_at": "2021-05-25 16:57:17",
            "agency_id": 95930,
            "type": null
        },
        {
            "id": 296,
            "name": "OCEDO - IFEDAYO",
            "created_at": "2021-05-25 16:57:17",
            "updated_at": "2021-05-25 16:57:17",
            "agency_id": 95930,
            "type": null
        },
        {
            "id": 297,
            "name": "OCEDO - IFELODUN",
            "created_at": "2021-05-25 16:57:17",
            "updated_at": "2021-05-25 16:57:17",
            "agency_id": 95930,
            "type": null
        },
        {
            "id": 298,
            "name": "OCEDO - ILA",
            "created_at": "2021-05-25 16:57:17",
            "updated_at": "2021-05-25 16:57:17",
            "agency_id": 95930,
            "type": null
        },
        {
            "id": 299,
            "name": "OCEDO - ILESA EAST",
            "created_at": "2021-05-25 16:57:17",
            "updated_at": "2021-05-25 16:57:17",
            "agency_id": 95930,
            "type": null
        },
        {
            "id": 300,
            "name": "OCEDO - IREDODUN",
            "created_at": "2021-05-25 16:57:17",
            "updated_at": "2021-05-25 16:57:17",
            "agency_id": 95930,
            "type": null
        },
        {
            "id": 301,
            "name": "OCEDO - IREPODUN",
            "created_at": "2021-05-25 16:57:17",
            "updated_at": "2021-05-25 16:57:17",
            "agency_id": 95930,
            "type": null
        },
        {
            "id": 302,
            "name": "OCEDO - ODO-OTIN",
            "created_at": "2021-05-25 16:57:17",
            "updated_at": "2021-05-25 16:57:17",
            "agency_id": 95930,
            "type": null
        },
        {
            "id": 303,
            "name": "OCEDO - OROLU",
            "created_at": "2021-05-25 16:57:17",
            "updated_at": "2021-05-25 16:57:17",
            "agency_id": 95930,
            "type": null
        },
        {
            "id": 304,
            "name": "ODO-OTIN LGA",
            "created_at": "2021-05-25 16:57:17",
            "updated_at": "2021-05-25 16:57:17",
            "agency_id": 95930,
            "type": null
        },
        {
            "id": 305,
            "name": "OEEDO - ATAKUMOSA EAST",
            "created_at": "2021-05-25 16:57:17",
            "updated_at": "2021-05-25 16:57:17",
            "agency_id": 95930,
            "type": null
        },
        {
            "id": 306,
            "name": "OEEDO - ATAKUMOSA WEST",
            "created_at": "2021-05-25 16:57:17",
            "updated_at": "2021-05-25 16:57:17",
            "agency_id": 95930,
            "type": null
        },
        {
            "id": 307,
            "name": "OEEDO - ATAKUNMOSA WEST",
            "created_at": "2021-05-25 16:57:17",
            "updated_at": "2021-05-25 16:57:17",
            "agency_id": 95930,
            "type": null
        },
        {
            "id": 308,
            "name": "OEEDO - AYEDADE",
            "created_at": "2021-05-25 16:57:17",
            "updated_at": "2021-05-25 16:57:17",
            "agency_id": 95930,
            "type": null
        },
        {
            "id": 309,
            "name": "OEEDO - IFE NORTH",
            "created_at": "2021-05-25 16:57:17",
            "updated_at": "2021-05-25 16:57:17",
            "agency_id": 95930,
            "type": null
        },
        {
            "id": 310,
            "name": "OEEDO - IFE SOUTH",
            "created_at": "2021-05-25 16:57:17",
            "updated_at": "2021-05-25 16:57:17",
            "agency_id": 95930,
            "type": null
        },
        {
            "id": 311,
            "name": "OEEDO - ILESA EAST",
            "created_at": "2021-05-25 16:57:17",
            "updated_at": "2021-05-25 16:57:17",
            "agency_id": 95930,
            "type": null
        },
        {
            "id": 312,
            "name": "OEEDO - ILESA WEST",
            "created_at": "2021-05-25 16:57:17",
            "updated_at": "2021-05-25 16:57:17",
            "agency_id": 95930,
            "type": null
        },
        {
            "id": 313,
            "name": "OEEDO - OBOKUN",
            "created_at": "2021-05-25 16:57:17",
            "updated_at": "2021-05-25 16:57:17",
            "agency_id": 95930,
            "type": null
        },
        {
            "id": 314,
            "name": "OEEDO - OBOKUN LGA",
            "created_at": "2021-05-25 16:57:17",
            "updated_at": "2021-05-25 16:57:17",
            "agency_id": 95930,
            "type": null
        },
        {
            "id": 315,
            "name": "OEEDO - ORIADE",
            "created_at": "2021-05-25 16:57:17",
            "updated_at": "2021-05-25 16:57:17",
            "agency_id": 95930,
            "type": null
        },
        {
            "id": 316,
            "name": "OFFICE OF ACCOUNTANT GENERAL",
            "created_at": "2021-05-25 16:57:17",
            "updated_at": "2021-05-25 16:57:17",
            "agency_id": 95930,
            "type": null
        },
        {
            "id": 317,
            "name": "OFFICE OF BUDGET & ECONOMIC PLANNING",
            "created_at": "2021-05-25 16:57:17",
            "updated_at": "2021-05-25 16:57:17",
            "agency_id": 95930,
            "type": null
        },
        {
            "id": 318,
            "name": "OFFICE OF CULTURE & TOURISM",
            "created_at": "2021-05-25 16:57:17",
            "updated_at": "2021-05-25 16:57:17",
            "agency_id": 95930,
            "type": null
        },
        {
            "id": 319,
            "name": "OFFICE OF ECONOMIC & DEVELOPMENT PARTNERSHIP (OEDP)",
            "created_at": "2021-05-25 16:57:17",
            "updated_at": "2021-05-25 16:57:17",
            "agency_id": 95930,
            "type": null
        },
        {
            "id": 320,
            "name": "OFFICE OF NATURAL & MINERAL RESOURCES",
            "created_at": "2021-05-25 16:57:17",
            "updated_at": "2021-05-25 16:57:17",
            "agency_id": 95930,
            "type": null
        },
        {
            "id": 321,
            "name": "OFFICE OF SURVEYOR GENERAL",
            "created_at": "2021-05-25 16:57:17",
            "updated_at": "2021-05-25 16:57:17",
            "agency_id": 95930,
            "type": null
        },
        {
            "id": 322,
            "name": "OFFICE OF THE STATE AUDITOR GENERAL",
            "created_at": "2021-05-25 16:57:17",
            "updated_at": "2021-05-25 16:57:17",
            "agency_id": 95930,
            "type": null
        },
        {
            "id": 323,
            "name": "OFFICE OF TRANSPORTATION",
            "created_at": "2021-05-25 16:57:17",
            "updated_at": "2021-05-25 16:57:17",
            "agency_id": 95930,
            "type": null
        },
        {
            "id": 324,
            "name": "OLA OLUWA LGA",
            "created_at": "2021-05-25 16:57:17",
            "updated_at": "2021-05-25 16:57:17",
            "agency_id": 95930,
            "type": null
        },
        {
            "id": 325,
            "name": "OLORUNDA LGA",
            "created_at": "2021-05-25 16:57:17",
            "updated_at": "2021-05-25 16:57:17",
            "agency_id": 95930,
            "type": null
        },
        {
            "id": 326,
            "name": "O'MEAL",
            "created_at": "2021-05-25 16:57:17",
            "updated_at": "2021-05-25 16:57:17",
            "agency_id": 95930,
            "type": null
        },
        {
            "id": 327,
            "name": "ORIADE LGA",
            "created_at": "2021-05-25 16:57:17",
            "updated_at": "2021-05-25 16:57:17",
            "agency_id": 95930,
            "type": null
        },
        {
            "id": 328,
            "name": "OROLU LGA",
            "created_at": "2021-05-25 16:57:17",
            "updated_at": "2021-05-25 16:57:17",
            "agency_id": 95930,
            "type": null
        },
        {
            "id": 329,
            "name": "OSOGBO LGA",
            "created_at": "2021-05-25 16:57:17",
            "updated_at": "2021-05-25 16:57:17",
            "agency_id": 95930,
            "type": null
        },
        {
            "id": 330,
            "name": "OSUN AGRICULTURE DEVELOPMENT CORPORATION (OSADEC)",
            "created_at": "2021-05-25 16:57:17",
            "updated_at": "2021-05-25 16:57:17",
            "agency_id": 95930,
            "type": null
        },
        {
            "id": 331,
            "name": "OSUN AGRICULTURE DEVELOPMENT PROGRAMME (OSADEP)",
            "created_at": "2021-05-25 16:57:17",
            "updated_at": "2021-05-25 16:57:17",
            "agency_id": 95930,
            "type": null
        },
        {
            "id": 332,
            "name": "OSUN AGRICULTURE LAND HOLDING & DEVELOPMENT AUTHORITY",
            "created_at": "2021-05-25 16:57:17",
            "updated_at": "2021-05-25 16:57:17",
            "agency_id": 95930,
            "type": null
        },
        {
            "id": 333,
            "name": "OSUN AMBULANCE SERVICES",
            "created_at": "2021-05-25 16:57:17",
            "updated_at": "2021-05-25 16:57:17",
            "agency_id": 95930,
            "type": null
        },
        {
            "id": 334,
            "name": "OSUN BOARD FOR TECHNICAL & VOCATIONAL EDUCATION",
            "created_at": "2021-05-25 16:57:17",
            "updated_at": "2021-05-25 16:57:17",
            "agency_id": 95930,
            "type": null
        },
        {
            "id": 335,
            "name": "OSUN BROADCASTING CORPORATION",
            "created_at": "2021-05-25 16:57:17",
            "updated_at": "2021-05-25 16:57:17",
            "agency_id": 95930,
            "type": null
        },
        {
            "id": 336,
            "name": "OSUN CENTRAL EDUCATIONAL DISTRICT OFFICE (OCEDO HDQ)",
            "created_at": "2021-05-25 16:57:17",
            "updated_at": "2021-05-25 16:57:17",
            "agency_id": 95930,
            "type": null
        },
        {
            "id": 337,
            "name": "OSUN CHRISTIAN PILGRIMS WELFARE BOARD",
            "created_at": "2021-05-25 16:57:17",
            "updated_at": "2021-05-25 16:57:17",
            "agency_id": 95930,
            "type": null
        },
        {
            "id": 338,
            "name": "\"OSUN COLLEGE OF EDUCATION",
            "created_at": "2021-05-25 16:57:17",
            "updated_at": "2021-05-25 16:57:17",
            "agency_id": 95930,
            "type": null
        },
        {
            "id": 339,
            "name": "\"OSUN COLLEGE OF EDUCATION",
            "created_at": "2021-05-25 16:57:17",
            "updated_at": "2021-05-25 16:57:17",
            "agency_id": 95930,
            "type": null
        },
        {
            "id": 340,
            "name": "OSUN COLLEGE OF HEALTH TECHNOLOGY ILESA",
            "created_at": "2021-05-25 16:57:17",
            "updated_at": "2021-05-25 16:57:17",
            "agency_id": 95930,
            "type": null
        },
        {
            "id": 341,
            "name": "\"OSUN COLLEGE OF TECHNOLOGY",
            "created_at": "2021-05-25 16:57:17",
            "updated_at": "2021-05-25 16:57:17",
            "agency_id": 95930,
            "type": null
        },
        {
            "id": 342,
            "name": "OSUN COUNCIL FOR ARTS & CULTURE",
            "created_at": "2021-05-25 16:57:17",
            "updated_at": "2021-05-25 16:57:17",
            "agency_id": 95930,
            "type": null
        },
        {
            "id": 343,
            "name": "OSUN EAST EDUCATIONAL DISTRICT OFFICE",
            "created_at": "2021-05-25 16:57:17",
            "updated_at": "2021-05-25 16:57:17",
            "agency_id": 95930,
            "type": null
        },
        {
            "id": 344,
            "name": "OSUN EMERGENCY MANAGEMENT AGENCY",
            "created_at": "2021-05-25 16:57:17",
            "updated_at": "2021-05-25 16:57:17",
            "agency_id": 95930,
            "type": null
        },
        {
            "id": 345,
            "name": "OSUN HEALTH INSURANCE AGENCY",
            "created_at": "2021-05-25 16:57:17",
            "updated_at": "2021-05-25 16:57:17",
            "agency_id": 95930,
            "type": null
        },
        {
            "id": 346,
            "name": "OSUN HOUSE OF ASSEMBLY",
            "created_at": "2021-05-25 16:57:17",
            "updated_at": "2021-05-25 16:57:17",
            "agency_id": 95930,
            "type": null
        },
        {
            "id": 347,
            "name": "OSUN HOUSE OF ASSEMBLY SERVICE COMMISSION",
            "created_at": "2021-05-25 16:57:17",
            "updated_at": "2021-05-25 16:57:17",
            "agency_id": 95930,
            "type": null
        },
        {
            "id": 348,
            "name": "OSUN INDEPENDENT ELECTORAL COMMISSION",
            "created_at": "2021-05-25 16:57:17",
            "updated_at": "2021-05-25 16:57:17",
            "agency_id": 95930,
            "type": null
        },
        {
            "id": 349,
            "name": "OSUN INTERNAL REVENUE SERVICE",
            "created_at": "2021-05-25 16:57:17",
            "updated_at": "2021-05-25 16:57:17",
            "agency_id": 95930,
            "type": null
        },
        {
            "id": 350,
            "name": "OSUN MICRO-CREDIT AGENCY",
            "created_at": "2021-05-25 16:57:17",
            "updated_at": "2021-05-25 16:57:17",
            "agency_id": 95930,
            "type": null
        },
        {
            "id": 351,
            "name": "OSUN POLYTECHNIC",
            "created_at": "2021-05-25 16:57:17",
            "updated_at": "2021-05-25 16:57:17",
            "agency_id": 95930,
            "type": null
        },
        {
            "id": 352,
            "name": "OSUN PROPERTY DEVELOPMENT CORPORATION",
            "created_at": "2021-05-25 16:57:17",
            "updated_at": "2021-05-25 16:57:17",
            "agency_id": 95930,
            "type": null
        },
        {
            "id": 353,
            "name": "OSUN PUBLIC PROCUREMENT AGENCY",
            "created_at": "2021-05-25 16:57:17",
            "updated_at": "2021-05-25 16:57:17",
            "agency_id": 95930,
            "type": null
        },
        {
            "id": 354,
            "name": "OSUN ROAD MAINTENANCE AGENCY",
            "created_at": "2021-05-25 16:57:17",
            "updated_at": "2021-05-25 16:57:17",
            "agency_id": 95930,
            "type": null
        },
        {
            "id": 355,
            "name": "OSUN SPORTS COUNCIL",
            "created_at": "2021-05-25 16:57:17",
            "updated_at": "2021-05-25 16:57:17",
            "agency_id": 95930,
            "type": null
        },
        {
            "id": 356,
            "name": "OSUN TOURISM BOARD",
            "created_at": "2021-05-25 16:57:17",
            "updated_at": "2021-05-25 16:57:17",
            "agency_id": 95930,
            "type": null
        },
        {
            "id": 357,
            "name": "OSUN UNIVERSITY - EJIGBO CAMPUS",
            "created_at": "2021-05-25 16:57:17",
            "updated_at": "2021-05-25 16:57:17",
            "agency_id": 95930,
            "type": null
        },
        {
            "id": 358,
            "name": "OSUN UNIVERSITY - IFETEDO CAMPUS",
            "created_at": "2021-05-25 16:57:17",
            "updated_at": "2021-05-25 16:57:17",
            "agency_id": 95930,
            "type": null
        },
        {
            "id": 359,
            "name": "OSUN UNIVERSITY - IKIRE CAMPUS",
            "created_at": "2021-05-25 16:57:17",
            "updated_at": "2021-05-25 16:57:17",
            "agency_id": 95930,
            "type": null
        },
        {
            "id": 360,
            "name": "OSUN UNIVERSITY - IPETU-IJESA CAMPUS",
            "created_at": "2021-05-25 16:57:17",
            "updated_at": "2021-05-25 16:57:17",
            "agency_id": 95930,
            "type": null
        },
        {
            "id": 361,
            "name": "OSUN UNIVERSITY - OKUKU CAMPUS",
            "created_at": "2021-05-25 16:57:17",
            "updated_at": "2021-05-25 16:57:17",
            "agency_id": 95930,
            "type": null
        },
        {
            "id": 362,
            "name": "OSUN UNIVERSITY - OSOGBO CAMPUS",
            "created_at": "2021-05-25 16:57:17",
            "updated_at": "2021-05-25 16:57:17",
            "agency_id": 95930,
            "type": null
        },
        {
            "id": 363,
            "name": "OSUN WASTE MANAGEMENT AGENCY",
            "created_at": "2021-05-25 16:57:17",
            "updated_at": "2021-05-25 16:57:17",
            "agency_id": 95930,
            "type": null
        },
        {
            "id": 364,
            "name": "OSUN WATER CORPORATION",
            "created_at": "2021-05-25 16:57:17",
            "updated_at": "2021-05-25 16:57:17",
            "agency_id": 95930,
            "type": null
        },
        {
            "id": 365,
            "name": "OSUN WEST EDUCATIONAL DISTRICT OFFICE",
            "created_at": "2021-05-25 16:57:17",
            "updated_at": "2021-05-25 16:57:17",
            "agency_id": 95930,
            "type": null
        },
        {
            "id": 366,
            "name": "OWEDO - AYEDADE",
            "created_at": "2021-05-25 16:57:17",
            "updated_at": "2021-05-25 16:57:17",
            "agency_id": 95930,
            "type": null
        },
        {
            "id": 367,
            "name": "OWEDO - AYEDIRE",
            "created_at": "2021-05-25 16:57:17",
            "updated_at": "2021-05-25 16:57:17",
            "agency_id": 95930,
            "type": null
        },
        {
            "id": 368,
            "name": "OWEDO - AYEEDADE",
            "created_at": "2021-05-25 16:57:17",
            "updated_at": "2021-05-25 16:57:17",
            "agency_id": 95930,
            "type": null
        },
        {
            "id": 369,
            "name": "OWEDO - EDE NORTH",
            "created_at": "2021-05-25 16:57:17",
            "updated_at": "2021-05-25 16:57:17",
            "agency_id": 95930,
            "type": null
        },
        {
            "id": 370,
            "name": "OWEDO - EGBEDORE",
            "created_at": "2021-05-25 16:57:17",
            "updated_at": "2021-05-25 16:57:17",
            "agency_id": 95930,
            "type": null
        },
        {
            "id": 371,
            "name": "OWEDO - IKIRE",
            "created_at": "2021-05-25 16:57:17",
            "updated_at": "2021-05-25 16:57:17",
            "agency_id": 95930,
            "type": null
        },
        {
            "id": 372,
            "name": "OWEDO - IREWOLE",
            "created_at": "2021-05-25 16:57:17",
            "updated_at": "2021-05-25 16:57:17",
            "agency_id": 95930,
            "type": null
        },
        {
            "id": 373,
            "name": "OWEDO - ISOKAN",
            "created_at": "2021-05-25 16:57:17",
            "updated_at": "2021-05-25 16:57:17",
            "agency_id": 95930,
            "type": null
        },
        {
            "id": 374,
            "name": "OWEDO - IWO",
            "created_at": "2021-05-25 16:57:17",
            "updated_at": "2021-05-25 16:57:17",
            "agency_id": 95930,
            "type": null
        },
        {
            "id": 375,
            "name": "PARASTATAL MONITORING OFFICE",
            "created_at": "2021-05-25 16:57:17",
            "updated_at": "2021-05-25 16:57:17",
            "agency_id": 95930,
            "type": null
        },
        {
            "id": 376,
            "name": "PHCDB-LGPHCA - EGBEDORE LGA",
            "created_at": "2021-05-25 16:57:17",
            "updated_at": "2021-05-25 16:57:17",
            "agency_id": 95930,
            "type": null
        },
        {
            "id": 377,
            "name": "PHCDB-LGPHCA - IFE EAST CENTRAL",
            "created_at": "2021-05-25 16:57:17",
            "updated_at": "2021-05-25 16:57:17",
            "agency_id": 95930,
            "type": null
        },
        {
            "id": 378,
            "name": "PHCDB-LGPHCA - IFE EAST LGA",
            "created_at": "2021-05-25 16:57:17",
            "updated_at": "2021-05-25 16:57:17",
            "agency_id": 95930,
            "type": null
        },
        {
            "id": 379,
            "name": "PHCDB-LGPHCA - IFE OOYE",
            "created_at": "2021-05-25 16:57:17",
            "updated_at": "2021-05-25 16:57:17",
            "agency_id": 95930,
            "type": null
        },
        {
            "id": 380,
            "name": "PHCDB-LGPHCA - IREWOLE LGA",
            "created_at": "2021-05-25 16:57:17",
            "updated_at": "2021-05-25 16:57:17",
            "agency_id": 95930,
            "type": null
        },
        {
            "id": 125,
            "name": "ATAKUNMOSA EAST LGA",
            "created_at": "2021-05-25 16:57:17",
            "updated_at": "2021-05-25 16:57:17",
            "agency_id": 95930,
            "type": null
        },
        {
            "id": 381,
            "name": "PHCDB-LGPHCA - ISOKAN SOUTH LCDA",
            "created_at": "2021-05-25 16:57:17",
            "updated_at": "2021-05-25 16:57:17",
            "agency_id": 95930,
            "type": null
        },
        {
            "id": 126,
            "name": "ATAKUNMOSA WEST LGA",
            "created_at": "2021-05-25 16:57:17",
            "updated_at": "2021-05-25 16:57:17",
            "agency_id": 95930,
            "type": null
        },
        {
            "id": 382,
            "name": "PRIMARY HEALTH CARE DEVELOPMENT BOARD",
            "created_at": "2021-05-25 16:57:17",
            "updated_at": "2021-05-25 16:57:17",
            "agency_id": 95930,
            "type": null
        },
        {
            "id": 127,
            "name": "AUDITOR GENERAL - LOCAL GOVERNMENT",
            "created_at": "2021-05-25 16:57:17",
            "updated_at": "2021-05-25 16:57:17",
            "agency_id": 95930,
            "type": null
        },
        {
            "id": 383,
            "name": "PROPERTY DEVELOPMENT CORPORATION",
            "created_at": "2021-05-25 16:57:17",
            "updated_at": "2021-05-25 16:57:17",
            "agency_id": 95930,
            "type": null
        },
        {
            "id": 128,
            "name": "AYEDAADE LGA",
            "created_at": "2021-05-25 16:57:17",
            "updated_at": "2021-05-25 16:57:17",
            "agency_id": 95930,
            "type": null
        },
        {
            "id": 384,
            "name": "PUBLIC PROCUREMENT AGENCY",
            "created_at": "2021-05-25 16:57:17",
            "updated_at": "2021-05-25 16:57:17",
            "agency_id": 95930,
            "type": null
        },
        {
            "id": 129,
            "name": "AYEDIRE LGA",
            "created_at": "2021-05-25 16:57:17",
            "updated_at": "2021-05-25 16:57:17",
            "agency_id": 95930,
            "type": null
        },
        {
            "id": 385,
            "name": "QUALITY ASSURANCE AGENCY",
            "created_at": "2021-05-25 16:57:17",
            "updated_at": "2021-05-25 16:57:17",
            "agency_id": 95930,
            "type": null
        },
        {
            "id": 130,
            "name": "BOLUWADURO LGA",
            "created_at": "2021-05-25 16:57:17",
            "updated_at": "2021-05-25 16:57:17",
            "agency_id": 95930,
            "type": null
        },
        {
            "id": 386,
            "name": "REALITY RADIO VISION SERVICE",
            "created_at": "2021-05-25 16:57:17",
            "updated_at": "2021-05-25 16:57:17",
            "agency_id": 95930,
            "type": null
        },
        {
            "id": 131,
            "name": "BORIPE LGA",
            "created_at": "2021-05-25 16:57:17",
            "updated_at": "2021-05-25 16:57:17",
            "agency_id": 95930,
            "type": null
        },
        {
            "id": 387,
            "name": "RURAL WATER & ENVIRONMENTAL SANITATION AGENCY",
            "created_at": "2021-05-25 16:57:17",
            "updated_at": "2021-05-25 16:57:17",
            "agency_id": 95930,
            "type": null
        },
        {
            "id": 132,
            "name": "BUREAU OF GENERAL SERVICES",
            "created_at": "2021-05-25 16:57:17",
            "updated_at": "2021-05-25 16:57:17",
            "agency_id": 95930,
            "type": null
        },
        {
            "id": 388,
            "name": "SMALL TOWNS WATER SUPPLY",
            "created_at": "2021-05-25 16:57:17",
            "updated_at": "2021-05-25 16:57:17",
            "agency_id": 95930,
            "type": null
        },
        {
            "id": 133,
            "name": "BUREAU OF PUBLIC SERVICE PENSION",
            "created_at": "2021-05-25 16:57:17",
            "updated_at": "2021-05-25 16:57:17",
            "agency_id": 95930,
            "type": null
        },
        {
            "id": 389,
            "name": "SPECIAL DUTY & REGIONAL INTEGRATION",
            "created_at": "2021-05-25 16:57:17",
            "updated_at": "2021-05-25 16:57:17",
            "agency_id": 95930,
            "type": null
        },
        {
            "id": 134,
            "name": "BUREAU OF SOCIAL SERVICES (BOSS)",
            "created_at": "2021-05-25 16:57:17",
            "updated_at": "2021-05-25 16:57:17",
            "agency_id": 95930,
            "type": null
        },
        {
            "id": 390,
            "name": "STATE BUREAU OF STATISTICS",
            "created_at": "2021-05-25 16:57:17",
            "updated_at": "2021-05-25 16:57:17",
            "agency_id": 95930,
            "type": null
        },
        {
            "id": 135,
            "name": "CAPITAL TERRITORY DEV. AUTHORITY",
            "created_at": "2021-05-25 16:57:17",
            "updated_at": "2021-05-25 16:57:17",
            "agency_id": 95930,
            "type": null
        },
        {
            "id": 391,
            "name": "SUBEB - AREA OFFICE MODAKEKE",
            "created_at": "2021-05-25 16:57:17",
            "updated_at": "2021-05-25 16:57:17",
            "agency_id": 95930,
            "type": null
        },
        {
            "id": 136,
            "name": "CIVIL SERVICE COMMISSION",
            "created_at": "2021-05-25 16:57:17",
            "updated_at": "2021-05-25 16:57:17",
            "agency_id": 95930,
            "type": null
        },
        {
            "id": 392,
            "name": "SUBEB - ATAKUMOSA EAST",
            "created_at": "2021-05-25 16:57:17",
            "updated_at": "2021-05-25 16:57:17",
            "agency_id": 95930,
            "type": null
        },
        {
            "id": 137,
            "name": "CUSTOMARY COURT OF APPEAL",
            "created_at": "2021-05-25 16:57:17",
            "updated_at": "2021-05-25 16:57:17",
            "agency_id": 95930,
            "type": null
        },
        {
            "id": 393,
            "name": "SUBEB - ATAKUMOSA WEST",
            "created_at": "2021-05-25 16:57:17",
            "updated_at": "2021-05-25 16:57:17",
            "agency_id": 95930,
            "type": null
        },
        {
            "id": 138,
            "name": "EDE NORTH LGA",
            "created_at": "2021-05-25 16:57:17",
            "updated_at": "2021-05-25 16:57:17",
            "agency_id": 95930,
            "type": null
        },
        {
            "id": 394,
            "name": "SUBEB - ATAKUNMOSA EAST",
            "created_at": "2021-05-25 16:57:17",
            "updated_at": "2021-05-25 16:57:17",
            "agency_id": 95930,
            "type": null
        },
        {
            "id": 139,
            "name": "EDE SOUTH LGA",
            "created_at": "2021-05-25 16:57:17",
            "updated_at": "2021-05-25 16:57:17",
            "agency_id": 95930,
            "type": null
        },
        {
            "id": 395,
            "name": "SUBEB - ATAKUNMOSA WEST",
            "created_at": "2021-05-25 16:57:17",
            "updated_at": "2021-05-25 16:57:17",
            "agency_id": 95930,
            "type": null
        },
        {
            "id": 140,
            "name": "EGBEDORE LGA",
            "created_at": "2021-05-25 16:57:17",
            "updated_at": "2021-05-25 16:57:17",
            "agency_id": 95930,
            "type": null
        },
        {
            "id": 396,
            "name": "SUBEB - AYEDAADE",
            "created_at": "2021-05-25 16:57:17",
            "updated_at": "2021-05-25 16:57:17",
            "agency_id": 95930,
            "type": null
        },
        {
            "id": 141,
            "name": "EJIGBO LGA",
            "created_at": "2021-05-25 16:57:17",
            "updated_at": "2021-05-25 16:57:17",
            "agency_id": 95930,
            "type": null
        },
        {
            "id": 397,
            "name": "SUBEB - AYEDIRE",
            "created_at": "2021-05-25 16:57:17",
            "updated_at": "2021-05-25 16:57:17",
            "agency_id": 95930,
            "type": null
        },
        {
            "id": 142,
            "name": "GENERAL SERVICES",
            "created_at": "2021-05-25 16:57:17",
            "updated_at": "2021-05-25 16:57:17",
            "agency_id": 95930,
            "type": null
        },
        {
            "id": 398,
            "name": "SUBEB - BOLUWADURO",
            "created_at": "2021-05-25 16:57:17",
            "updated_at": "2021-05-25 16:57:17",
            "agency_id": 95930,
            "type": null
        },
        {
            "id": 143,
            "name": "GOVERNOR'S OFFICE",
            "created_at": "2021-05-25 16:57:17",
            "updated_at": "2021-05-25 16:57:17",
            "agency_id": 95930,
            "type": null
        },
        {
            "id": 399,
            "name": "SUBEB - BORIPE",
            "created_at": "2021-05-25 16:57:17",
            "updated_at": "2021-05-25 16:57:17",
            "agency_id": 95930,
            "type": null
        },
        {
            "id": 144,
            "name": "HIGH COURT OF JUSTICE",
            "created_at": "2021-05-25 16:57:17",
            "updated_at": "2021-05-25 16:57:17",
            "agency_id": 95930,
            "type": null
        },
        {
            "id": 400,
            "name": "SUBEB - EDE",
            "created_at": "2021-05-25 16:57:17",
            "updated_at": "2021-05-25 16:57:17",
            "agency_id": 95930,
            "type": null
        },
        {
            "id": 145,
            "name": "HOSPITALS MANAGEMENT BOARD",
            "created_at": "2021-05-25 16:57:17",
            "updated_at": "2021-05-25 16:57:17",
            "agency_id": 95930,
            "type": null
        },
        {
            "id": 401,
            "name": "SUBEB - EDE NORTH",
            "created_at": "2021-05-25 16:57:17",
            "updated_at": "2021-05-25 16:57:17",
            "agency_id": 95930,
            "type": null
        },
        {
            "id": 146,
            "name": "IFE CENTRAL LGA",
            "created_at": "2021-05-25 16:57:17",
            "updated_at": "2021-05-25 16:57:17",
            "agency_id": 95930,
            "type": null
        },
        {
            "id": 402,
            "name": "SUBEB - EDE SOUTH",
            "created_at": "2021-05-25 16:57:17",
            "updated_at": "2021-05-25 16:57:17",
            "agency_id": 95930,
            "type": null
        },
        {
            "id": 147,
            "name": "IFE EAST AREA OFFICE",
            "created_at": "2021-05-25 16:57:17",
            "updated_at": "2021-05-25 16:57:17",
            "agency_id": 95930,
            "type": null
        },
        {
            "id": 403,
            "name": "SUBEB - EDE SOUTHJ",
            "created_at": "2021-05-25 16:57:17",
            "updated_at": "2021-05-25 16:57:17",
            "agency_id": 95930,
            "type": null
        },
        {
            "id": 148,
            "name": "IFE EAST LGA",
            "created_at": "2021-05-25 16:57:17",
            "updated_at": "2021-05-25 16:57:17",
            "agency_id": 95930,
            "type": null
        },
        {
            "id": 404,
            "name": "SUBEB - EDENORTH",
            "created_at": "2021-05-25 16:57:17",
            "updated_at": "2021-05-25 16:57:17",
            "agency_id": 95930,
            "type": null
        },
        {
            "id": 149,
            "name": "IFE NORTH LGA",
            "created_at": "2021-05-25 16:57:17",
            "updated_at": "2021-05-25 16:57:17",
            "agency_id": 95930,
            "type": null
        },
        {
            "id": 405,
            "name": "SUBEB - EDE-NORTH",
            "created_at": "2021-05-25 16:57:17",
            "updated_at": "2021-05-25 16:57:17",
            "agency_id": 95930,
            "type": null
        },
        {
            "id": 150,
            "name": "IFE SOUTH LGA",
            "created_at": "2021-05-25 16:57:17",
            "updated_at": "2021-05-25 16:57:17",
            "agency_id": 95930,
            "type": null
        },
        {
            "id": 406,
            "name": "SUBEB - EGBEDORE",
            "created_at": "2021-05-25 16:57:17",
            "updated_at": "2021-05-25 16:57:17",
            "agency_id": 95930,
            "type": null
        },
        {
            "id": 151,
            "name": "IFEDAYO LGA",
            "created_at": "2021-05-25 16:57:17",
            "updated_at": "2021-05-25 16:57:17",
            "agency_id": 95930,
            "type": null
        },
        {
            "id": 407,
            "name": "SUBEB - EJIGBO",
            "created_at": "2021-05-25 16:57:17",
            "updated_at": "2021-05-25 16:57:17",
            "agency_id": 95930,
            "type": null
        },
        {
            "id": 152,
            "name": "IFELODUN LGA",
            "created_at": "2021-05-25 16:57:17",
            "updated_at": "2021-05-25 16:57:17",
            "agency_id": 95930,
            "type": null
        },
        {
            "id": 408,
            "name": "SUBEB - HDQ",
            "created_at": "2021-05-25 16:57:17",
            "updated_at": "2021-05-25 16:57:17",
            "agency_id": 95930,
            "type": null
        },
        {
            "id": 153,
            "name": "ILA LGA",
            "created_at": "2021-05-25 16:57:17",
            "updated_at": "2021-05-25 16:57:17",
            "agency_id": 95930,
            "type": null
        },
        {
            "id": 409,
            "name": "STATE UNIVERSAL BASIC EDUCATION BOARD (SUBEB) HEADQUATERS",
            "created_at": "2021-05-25 16:57:17",
            "updated_at": "2021-05-25 16:57:17",
            "agency_id": 95930,
            "type": null
        },
        {
            "id": 154,
            "name": "ILESA EAST LGA",
            "created_at": "2021-05-25 16:57:17",
            "updated_at": "2021-05-25 16:57:17",
            "agency_id": 95930,
            "type": null
        },
        {
            "id": 410,
            "name": "SUBEB - IFE AREA OFFICE",
            "created_at": "2021-05-25 16:57:17",
            "updated_at": "2021-05-25 16:57:17",
            "agency_id": 95930,
            "type": null
        },
        {
            "id": 155,
            "name": "ILESA WEST LGA",
            "created_at": "2021-05-25 16:57:17",
            "updated_at": "2021-05-25 16:57:17",
            "agency_id": 95930,
            "type": null
        },
        {
            "id": 411,
            "name": "SUBEB - IFE CENTRAL",
            "created_at": "2021-05-25 16:57:17",
            "updated_at": "2021-05-25 16:57:17",
            "agency_id": 95930,
            "type": null
        },
        {
            "id": 156,
            "name": "INFORMAL CONTRIBUTOR",
            "created_at": "2021-05-25 16:57:17",
            "updated_at": "2021-05-25 16:57:17",
            "agency_id": 95930,
            "type": null
        },
        {
            "id": 412,
            "name": "SUBEB - IFE EAST",
            "created_at": "2021-05-25 16:57:17",
            "updated_at": "2021-05-25 16:57:17",
            "agency_id": 95930,
            "type": null
        },
        {
            "id": 157,
            "name": "INTERNAL REVENUE SERVICE",
            "created_at": "2021-05-25 16:57:17",
            "updated_at": "2021-05-25 16:57:17",
            "agency_id": 95930,
            "type": null
        },
        {
            "id": 413,
            "name": "SUBEB - IFE EAST AREA OFFICE",
            "created_at": "2021-05-25 16:57:17",
            "updated_at": "2021-05-25 16:57:17",
            "agency_id": 95930,
            "type": null
        },
        {
            "id": 158,
            "name": "IREPODUN LGA",
            "created_at": "2021-05-25 16:57:17",
            "updated_at": "2021-05-25 16:57:17",
            "agency_id": 95930,
            "type": null
        },
        {
            "id": 414,
            "name": " SUBEB - IFE EAST CENTRAL AREA OFFICE ",
            "created_at": "2021-05-25 16:57:17",
            "updated_at": "2021-05-25 16:57:17",
            "agency_id": 95930,
            "type": null
        },
        {
            "id": 159,
            "name": "IREWOLE LGA",
            "created_at": "2021-05-25 16:57:17",
            "updated_at": "2021-05-25 16:57:17",
            "agency_id": 95930,
            "type": null
        },
        {
            "id": 415,
            "name": "SUBEB - IFE NORTH",
            "created_at": "2021-05-25 16:57:17",
            "updated_at": "2021-05-25 16:57:17",
            "agency_id": 95930,
            "type": null
        },
        {
            "id": 160,
            "name": "ISOKAN LGA",
            "created_at": "2021-05-25 16:57:17",
            "updated_at": "2021-05-25 16:57:17",
            "agency_id": 95930,
            "type": null
        },
        {
            "id": 416,
            "name": "SUBEB - IFE SOUTH",
            "created_at": "2021-05-25 16:57:17",
            "updated_at": "2021-05-25 16:57:17",
            "agency_id": 95930,
            "type": null
        },
        {
            "id": 161,
            "name": "IWO LGA",
            "created_at": "2021-05-25 16:57:17",
            "updated_at": "2021-05-25 16:57:17",
            "agency_id": 95930,
            "type": null
        },
        {
            "id": 417,
            "name": "SUBEB - IFEDAYO",
            "created_at": "2021-05-25 16:57:17",
            "updated_at": "2021-05-25 16:57:17",
            "agency_id": 95930,
            "type": null
        },
        {
            "id": 162,
            "name": "JUDICIAL SERVICE COMMISION",
            "created_at": "2021-05-25 16:57:17",
            "updated_at": "2021-05-25 16:57:17",
            "agency_id": 95930,
            "type": null
        },
        {
            "id": 418,
            "name": "SUBEB - IFELODUN",
            "created_at": "2021-05-25 16:57:17",
            "updated_at": "2021-05-25 16:57:17",
            "agency_id": 95930,
            "type": null
        },
        {
            "id": 163,
            "name": "LCDA - ATAKUMOSA EAST CENTRAL",
            "created_at": "2021-05-25 16:57:17",
            "updated_at": "2021-05-25 16:57:17",
            "agency_id": 95930,
            "type": null
        },
        {
            "id": 419,
            "name": "SUBEB - IFELODUN LGA",
            "created_at": "2021-05-25 16:57:17",
            "updated_at": "2021-05-25 16:57:17",
            "agency_id": 95930,
            "type": null
        },
        {
            "id": 164,
            "name": "LCDA - ATAKUMOSA WEST CENTRAL",
            "created_at": "2021-05-25 16:57:17",
            "updated_at": "2021-05-25 16:57:17",
            "agency_id": 95930,
            "type": null
        },
        {
            "id": 420,
            "name": "SUBEB - ILA",
            "created_at": "2021-05-25 16:57:17",
            "updated_at": "2021-05-25 16:57:17",
            "agency_id": 95930,
            "type": null
        },
        {
            "id": 165,
            "name": "LCDA - AYEDAADE SOUTH",
            "created_at": "2021-05-25 16:57:17",
            "updated_at": "2021-05-25 16:57:17",
            "agency_id": 95930,
            "type": null
        },
        {
            "id": 421,
            "name": "SUBEB - ILESA EAST",
            "created_at": "2021-05-25 16:57:17",
            "updated_at": "2021-05-25 16:57:17",
            "agency_id": 95930,
            "type": null
        },
        {
            "id": 166,
            "name": "LCDA - AYEDIRE SOUTH",
            "created_at": "2021-05-25 16:57:17",
            "updated_at": "2021-05-25 16:57:17",
            "agency_id": 95930,
            "type": null
        },
        {
            "id": 422,
            "name": "SUBEB - ILESA WEST",
            "created_at": "2021-05-25 16:57:17",
            "updated_at": "2021-05-25 16:57:17",
            "agency_id": 95930,
            "type": null
        },
        {
            "id": 167,
            "name": "LCDA - BOLUWADURO EAST",
            "created_at": "2021-05-25 16:57:17",
            "updated_at": "2021-05-25 16:57:17",
            "agency_id": 95930,
            "type": null
        },
        {
            "id": 423,
            "name": "SUBEB - ILOBU",
            "created_at": "2021-05-25 16:57:17",
            "updated_at": "2021-05-25 16:57:17",
            "agency_id": 95930,
            "type": null
        },
        {
            "id": 168,
            "name": "LCDA - BORIPE NORTH",
            "created_at": "2021-05-25 16:57:17",
            "updated_at": "2021-05-25 16:57:17",
            "agency_id": 95930,
            "type": null
        },
        {
            "id": 424,
            "name": "SUBEB - IREPODUN",
            "created_at": "2021-05-25 16:57:17",
            "updated_at": "2021-05-25 16:57:17",
            "agency_id": 95930,
            "type": null
        },
        {
            "id": 169,
            "name": "LCDA - EDE EAST",
            "created_at": "2021-05-25 16:57:17",
            "updated_at": "2021-05-25 16:57:17",
            "agency_id": 95930,
            "type": null
        },
        {
            "id": 425,
            "name": "SUBEB - IREWOLE",
            "created_at": "2021-05-25 16:57:17",
            "updated_at": "2021-05-25 16:57:17",
            "agency_id": 95930,
            "type": null
        },
        {
            "id": 170,
            "name": "LCDA - EDE NORTH AREA COUNCIL",
            "created_at": "2021-05-25 16:57:17",
            "updated_at": "2021-05-25 16:57:17",
            "agency_id": 95930,
            "type": null
        },
        {
            "id": 426,
            "name": "SUBEB - ISOKAN",
            "created_at": "2021-05-25 16:57:17",
            "updated_at": "2021-05-25 16:57:17",
            "agency_id": 95930,
            "type": null
        },
        {
            "id": 171,
            "name": "LCDA - EGBEDORE SOUTH",
            "created_at": "2021-05-25 16:57:17",
            "updated_at": "2021-05-25 16:57:17",
            "agency_id": 95930,
            "type": null
        },
        {
            "id": 427,
            "name": "SUBEB - IWO",
            "created_at": "2021-05-25 16:57:17",
            "updated_at": "2021-05-25 16:57:17",
            "agency_id": 95930,
            "type": null
        },
        {
            "id": 172,
            "name": "LCDA - EJIGBO SOUTH",
            "created_at": "2021-05-25 16:57:17",
            "updated_at": "2021-05-25 16:57:17",
            "agency_id": 95930,
            "type": null
        },
        {
            "id": 428,
            "name": "SUBEB - OBOKUN",
            "created_at": "2021-05-25 16:57:17",
            "updated_at": "2021-05-25 16:57:17",
            "agency_id": 95930,
            "type": null
        },
        {
            "id": 173,
            "name": "LCDA - EJIGBO WEST",
            "created_at": "2021-05-25 16:57:17",
            "updated_at": "2021-05-25 16:57:17",
            "agency_id": 95930,
            "type": null
        },
        {
            "id": 429,
            "name": "SUBEB - ODO-OTIN",
            "created_at": "2021-05-25 16:57:17",
            "updated_at": "2021-05-25 16:57:17",
            "agency_id": 95930,
            "type": null
        },
        {
            "id": 174,
            "name": "LCDA - IFE CENTRAL WEST",
            "created_at": "2021-05-25 16:57:17",
            "updated_at": "2021-05-25 16:57:17",
            "agency_id": 95930,
            "type": null
        },
        {
            "id": 430,
            "name": "SUBEB - OLA OLUWA",
            "created_at": "2021-05-25 16:57:17",
            "updated_at": "2021-05-25 16:57:17",
            "agency_id": 95930,
            "type": null
        },
        {
            "id": 175,
            "name": "LCDA - IFE EAST CENTRAL",
            "created_at": "2021-05-25 16:57:17",
            "updated_at": "2021-05-25 16:57:17",
            "agency_id": 95930,
            "type": null
        },
        {
            "id": 431,
            "name": "SUBEB - OLORUNDA",
            "created_at": "2021-05-25 16:57:17",
            "updated_at": "2021-05-25 16:57:17",
            "agency_id": 95930,
            "type": null
        },
        {
            "id": 176,
            "name": "LCDA - IFE NORTH AREA COUNCIL",
            "created_at": "2021-05-25 16:57:17",
            "updated_at": "2021-05-25 16:57:17",
            "agency_id": 95930,
            "type": null
        },
        {
            "id": 432,
            "name": "SUBEB - OLORUNDA (SPECIAL NEEDS)",
            "created_at": "2021-05-25 16:57:17",
            "updated_at": "2021-05-25 16:57:17",
            "agency_id": 95930,
            "type": null
        },
        {
            "id": 177,
            "name": "LCDA - IFE NORTH WEST",
            "created_at": "2021-05-25 16:57:17",
            "updated_at": "2021-05-25 16:57:17",
            "agency_id": 95930,
            "type": null
        },
        {
            "id": 433,
            "name": "SUBEB - OLORUNDA (SPECIAL SCHOOL)",
            "created_at": "2021-05-25 16:57:17",
            "updated_at": "2021-05-25 16:57:17",
            "agency_id": 95930,
            "type": null
        },
        {
            "id": 178,
            "name": "LCDA - IFE OOYE",
            "created_at": "2021-05-25 16:57:17",
            "updated_at": "2021-05-25 16:57:17",
            "agency_id": 95930,
            "type": null
        },
        {
            "id": 434,
            "name": "SUBEB - ORIADE",
            "created_at": "2021-05-25 16:57:17",
            "updated_at": "2021-05-25 16:57:17",
            "agency_id": 95930,
            "type": null
        },
        {
            "id": 179,
            "name": "LCDA - IFE SOUTH WEST",
            "created_at": "2021-05-25 16:57:17",
            "updated_at": "2021-05-25 16:57:17",
            "agency_id": 95930,
            "type": null
        },
        {
            "id": 435,
            "name": "SUBEB - OROLU",
            "created_at": "2021-05-25 16:57:17",
            "updated_at": "2021-05-25 16:57:17",
            "agency_id": 95930,
            "type": null
        },
        {
            "id": 180,
            "name": "LCDA - IFELODUN AREA COUNCIL",
            "created_at": "2021-05-25 16:57:17",
            "updated_at": "2021-05-25 16:57:17",
            "agency_id": 95930,
            "type": null
        },
        {
            "id": 436,
            "name": "SUBEB - OSOGBO",
            "created_at": "2021-05-25 16:57:17",
            "updated_at": "2021-05-25 16:57:17",
            "agency_id": 95930,
            "type": null
        },
        {
            "id": 181,
            "name": "LCDA - IFELODUN NORTH",
            "created_at": "2021-05-25 16:57:17",
            "updated_at": "2021-05-25 16:57:17",
            "agency_id": 95930,
            "type": null
        },
        {
            "id": 437,
            "name": "TEACHER'S ESTABLISHMENT & PENSIONS OFFICE",
            "created_at": "2021-05-25 16:57:17",
            "updated_at": "2021-05-25 16:57:17",
            "agency_id": 95930,
            "type": null
        },
        {
            "id": 182,
            "name": "LCDA - ILA CENTRAL",
            "created_at": "2021-05-25 16:57:17",
            "updated_at": "2021-05-25 16:57:17",
            "agency_id": 95930,
            "type": null
        },
        {
            "id": 438,
            "name": "TESCOM - ATAKUNMOSA EAST",
            "created_at": "2021-05-25 16:57:17",
            "updated_at": "2021-05-25 16:57:17",
            "agency_id": 95930,
            "type": null
        },
        {
            "id": 183,
            "name": "LCDA - ILESA NORTH EAST",
            "created_at": "2021-05-25 16:57:17",
            "updated_at": "2021-05-25 16:57:17",
            "agency_id": 95930,
            "type": null
        },
        {
            "id": 439,
            "name": "TESCOM - ATAKUNMOSA WEST",
            "created_at": "2021-05-25 16:57:17",
            "updated_at": "2021-05-25 16:57:17",
            "agency_id": 95930,
            "type": null
        },
        {
            "id": 184,
            "name": "LCDA - ILESA WEST CENTRAL",
            "created_at": "2021-05-25 16:57:17",
            "updated_at": "2021-05-25 16:57:17",
            "agency_id": 95930,
            "type": null
        },
        {
            "id": 440,
            "name": "TESCOM - AYEDAADE",
            "created_at": "2021-05-25 16:57:17",
            "updated_at": "2021-05-25 16:57:17",
            "agency_id": 95930,
            "type": null
        },
        {
            "id": 185,
            "name": "LCDA - IREPODUN SOUTH",
            "created_at": "2021-05-25 16:57:17",
            "updated_at": "2021-05-25 16:57:17",
            "agency_id": 95930,
            "type": null
        },
        {
            "id": 441,
            "name": "TESCOM - AYEDIRE",
            "created_at": "2021-05-25 16:57:17",
            "updated_at": "2021-05-25 16:57:17",
            "agency_id": 95930,
            "type": null
        },
        {
            "id": 186,
            "name": "LCDA - IREWOLE NORTH EAST",
            "created_at": "2021-05-25 16:57:17",
            "updated_at": "2021-05-25 16:57:17",
            "agency_id": 95930,
            "type": null
        },
        {
            "id": 442,
            "name": "TESCOM - BOLUWADURO",
            "created_at": "2021-05-25 16:57:17",
            "updated_at": "2021-05-25 16:57:17",
            "agency_id": 95930,
            "type": null
        },
        {
            "id": 187,
            "name": "LCDA - ISOKAN SOUTH LCDA",
            "created_at": "2021-05-25 16:57:17",
            "updated_at": "2021-05-25 16:57:17",
            "agency_id": 95930,
            "type": null
        },
        {
            "id": 443,
            "name": "TESCOM - BORIPE",
            "created_at": "2021-05-25 16:57:17",
            "updated_at": "2021-05-25 16:57:17",
            "agency_id": 95930,
            "type": null
        },
        {
            "id": 188,
            "name": "LCDA - IWO EAST",
            "created_at": "2021-05-25 16:57:17",
            "updated_at": "2021-05-25 16:57:17",
            "agency_id": 95930,
            "type": null
        },
        {
            "id": 444,
            "name": "TESCOM - EDE",
            "created_at": "2021-05-25 16:57:17",
            "updated_at": "2021-05-25 16:57:17",
            "agency_id": 95930,
            "type": null
        },
        {
            "id": 189,
            "name": "LCDA - IWO WEST",
            "created_at": "2021-05-25 16:57:17",
            "updated_at": "2021-05-25 16:57:17",
            "agency_id": 95930,
            "type": null
        },
        {
            "id": 445,
            "name": "TESCOM - EDE NORTH",
            "created_at": "2021-05-25 16:57:17",
            "updated_at": "2021-05-25 16:57:17",
            "agency_id": 95930,
            "type": null
        },
        {
            "id": 190,
            "name": "LCDA - OBOKUN EAST",
            "created_at": "2021-05-25 16:57:17",
            "updated_at": "2021-05-25 16:57:17",
            "agency_id": 95930,
            "type": null
        },
        {
            "id": 446,
            "name": "TESCOM - EDE SOUTH",
            "created_at": "2021-05-25 16:57:17",
            "updated_at": "2021-05-25 16:57:17",
            "agency_id": 95930,
            "type": null
        },
        {
            "id": 191,
            "name": "LCDA - ODO-OTIN NORTH",
            "created_at": "2021-05-25 16:57:17",
            "updated_at": "2021-05-25 16:57:17",
            "agency_id": 95930,
            "type": null
        },
        {
            "id": 447,
            "name": "TESCOM - EGBEDORE",
            "created_at": "2021-05-25 16:57:17",
            "updated_at": "2021-05-25 16:57:17",
            "agency_id": 95930,
            "type": null
        },
        {
            "id": 192,
            "name": "LCDA - ODO-OTIN SOUTH",
            "created_at": "2021-05-25 16:57:17",
            "updated_at": "2021-05-25 16:57:17",
            "agency_id": 95930,
            "type": null
        },
        {
            "id": 448,
            "name": "TESCOM - EJIGBO",
            "created_at": "2021-05-25 16:57:17",
            "updated_at": "2021-05-25 16:57:17",
            "agency_id": 95930,
            "type": null
        },
        {
            "id": 193,
            "name": "LCDA - OKINNI ADMINISTRATIVE OFFICE",
            "created_at": "2021-05-25 16:57:17",
            "updated_at": "2021-05-25 16:57:17",
            "agency_id": 95930,
            "type": null
        },
        {
            "id": 449,
            "name": "TESCOM - HDQ",
            "created_at": "2021-05-25 16:57:17",
            "updated_at": "2021-05-25 16:57:17",
            "agency_id": 95930,
            "type": null
        },
        {
            "id": 194,
            "name": "LCDA - OLA OLUWA SOUTH EAST",
            "created_at": "2021-05-25 16:57:17",
            "updated_at": "2021-05-25 16:57:17",
            "agency_id": 95930,
            "type": null
        },
        {
            "id": 450,
            "name": "TESCOM - IFE AREA OFFICE",
            "created_at": "2021-05-25 16:57:17",
            "updated_at": "2021-05-25 16:57:17",
            "agency_id": 95930,
            "type": null
        },
        {
            "id": 195,
            "name": "LCDA - OLORUNDA NORTH",
            "created_at": "2021-05-25 16:57:17",
            "updated_at": "2021-05-25 16:57:17",
            "agency_id": 95930,
            "type": null
        },
        {
            "id": 451,
            "name": "TESCOM - IFE CENTRAL",
            "created_at": "2021-05-25 16:57:17",
            "updated_at": "2021-05-25 16:57:17",
            "agency_id": 95930,
            "type": null
        },
        {
            "id": 196,
            "name": "LCDA - OLORUNDA SOUTH AREA COUNCIL",
            "created_at": "2021-05-25 16:57:17",
            "updated_at": "2021-05-25 16:57:17",
            "agency_id": 95930,
            "type": null
        },
        {
            "id": 452,
            "name": "TESCOM - IFE EAST",
            "created_at": "2021-05-25 16:57:17",
            "updated_at": "2021-05-25 16:57:17",
            "agency_id": 95930,
            "type": null
        },
        {
            "id": 197,
            "name": "LCDA - ORIADE SOUTH",
            "created_at": "2021-05-25 16:57:17",
            "updated_at": "2021-05-25 16:57:17",
            "agency_id": 95930,
            "type": null
        },
        {
            "id": 453,
            "name": "TESCOM - IFE NORTH",
            "created_at": "2021-05-25 16:57:17",
            "updated_at": "2021-05-25 16:57:17",
            "agency_id": 95930,
            "type": null
        },
        {
            "id": 198,
            "name": "LCDA - OROLU ADMINISTRATIVE OFFICE",
            "created_at": "2021-05-25 16:57:17",
            "updated_at": "2021-05-25 16:57:17",
            "agency_id": 95930,
            "type": null
        },
        {
            "id": 454,
            "name": "TESCOM - IFE SOUTH",
            "created_at": "2021-05-25 16:57:17",
            "updated_at": "2021-05-25 16:57:17",
            "agency_id": 95930,
            "type": null
        },
        {
            "id": 199,
            "name": "LCDA - OSOGBO SOUTH",
            "created_at": "2021-05-25 16:57:17",
            "updated_at": "2021-05-25 16:57:17",
            "agency_id": 95930,
            "type": null
        },
        {
            "id": 455,
            "name": "TESCOM - IFEDAYO",
            "created_at": "2021-05-25 16:57:17",
            "updated_at": "2021-05-25 16:57:17",
            "agency_id": 95930,
            "type": null
        },
        {
            "id": 200,
            "name": "LCDA - OSOGBO WEST",
            "created_at": "2021-05-25 16:57:17",
            "updated_at": "2021-05-25 16:57:17",
            "agency_id": 95930,
            "type": null
        },
        {
            "id": 456,
            "name": "TESCOM - IFELODUN",
            "created_at": "2021-05-25 16:57:17",
            "updated_at": "2021-05-25 16:57:17",
            "agency_id": 95930,
            "type": null
        },
        {
            "id": 201,
            "name": "LGPHCA - ATAKUNMOSA EAST LGA",
            "created_at": "2021-05-25 16:57:17",
            "updated_at": "2021-05-25 16:57:17",
            "agency_id": 95930,
            "type": null
        },
        {
            "id": 457,
            "name": "TESCOM - ILA",
            "created_at": "2021-05-25 16:57:17",
            "updated_at": "2021-05-25 16:57:17",
            "agency_id": 95930,
            "type": null
        },
        {
            "id": 202,
            "name": "LGPHCA - ATAKUNMOSA WEST LGA",
            "created_at": "2021-05-25 16:57:17",
            "updated_at": "2021-05-25 16:57:17",
            "agency_id": 95930,
            "type": null
        },
        {
            "id": 458,
            "name": "TESCOM - ILE-IFE",
            "created_at": "2021-05-25 16:57:17",
            "updated_at": "2021-05-25 16:57:17",
            "agency_id": 95930,
            "type": null
        },
        {
            "id": 203,
            "name": "LGPHCA - AYEDAADE LGA",
            "created_at": "2021-05-25 16:57:17",
            "updated_at": "2021-05-25 16:57:17",
            "agency_id": 95930,
            "type": null
        },
        {
            "id": 459,
            "name": "TESCOM - ILESA EAST",
            "created_at": "2021-05-25 16:57:17",
            "updated_at": "2021-05-25 16:57:17",
            "agency_id": 95930,
            "type": null
        },
        {
            "id": 204,
            "name": "LGPHCA - AYEDIRE LGA",
            "created_at": "2021-05-25 16:57:17",
            "updated_at": "2021-05-25 16:57:17",
            "agency_id": 95930,
            "type": null
        },
        {
            "id": 460,
            "name": "TESCOM - ILESA WEST",
            "created_at": "2021-05-25 16:57:17",
            "updated_at": "2021-05-25 16:57:17",
            "agency_id": 95930,
            "type": null
        },
        {
            "id": 205,
            "name": "LGPHCA - BOLUWADURO LGA",
            "created_at": "2021-05-25 16:57:17",
            "updated_at": "2021-05-25 16:57:17",
            "agency_id": 95930,
            "type": null
        },
        {
            "id": 461,
            "name": "TESCOM - IREPODUN",
            "created_at": "2021-05-25 16:57:17",
            "updated_at": "2021-05-25 16:57:17",
            "agency_id": 95930,
            "type": null
        },
        {
            "id": 206,
            "name": "LGPHCA - BORIPE LGA",
            "created_at": "2021-05-25 16:57:17",
            "updated_at": "2021-05-25 16:57:17",
            "agency_id": 95930,
            "type": null
        },
        {
            "id": 462,
            "name": "TESCOM - IREWOLE",
            "created_at": "2021-05-25 16:57:17",
            "updated_at": "2021-05-25 16:57:17",
            "agency_id": 95930,
            "type": null
        },
        {
            "id": 207,
            "name": "LGPHCA - EDE NORTH",
            "created_at": "2021-05-25 16:57:17",
            "updated_at": "2021-05-25 16:57:17",
            "agency_id": 95930,
            "type": null
        },
        {
            "id": 463,
            "name": "TESCOM - ISOKAN",
            "created_at": "2021-05-25 16:57:17",
            "updated_at": "2021-05-25 16:57:17",
            "agency_id": 95930,
            "type": null
        },
        {
            "id": 208,
            "name": "LGPHCA - EDE NORTH LGA",
            "created_at": "2021-05-25 16:57:17",
            "updated_at": "2021-05-25 16:57:17",
            "agency_id": 95930,
            "type": null
        },
        {
            "id": 464,
            "name": "TESCOM - IWO",
            "created_at": "2021-05-25 16:57:17",
            "updated_at": "2021-05-25 16:57:17",
            "agency_id": 95930,
            "type": null
        },
        {
            "id": 209,
            "name": "LGPHCA - EDE SOUTH LGA",
            "created_at": "2021-05-25 16:57:17",
            "updated_at": "2021-05-25 16:57:17",
            "agency_id": 95930,
            "type": null
        },
        {
            "id": 465,
            "name": "TESCOM - MIDDLE ATAKUMOSA WEST",
            "created_at": "2021-05-25 16:57:17",
            "updated_at": "2021-05-25 16:57:17",
            "agency_id": 95930,
            "type": null
        },
        {
            "id": 210,
            "name": "LGPHCA - EGBEDORE LGA",
            "created_at": "2021-05-25 16:57:17",
            "updated_at": "2021-05-25 16:57:17",
            "agency_id": 95930,
            "type": null
        },
        {
            "id": 466,
            "name": "TESCOM - MIDDLE AYEDAADE",
            "created_at": "2021-05-25 16:57:17",
            "updated_at": "2021-05-25 16:57:17",
            "agency_id": 95930,
            "type": null
        },
        {
            "id": 211,
            "name": "LGPHCA - EJIGBO LGA",
            "created_at": "2021-05-25 16:57:17",
            "updated_at": "2021-05-25 16:57:17",
            "agency_id": 95930,
            "type": null
        },
        {
            "id": 467,
            "name": "TESCOM - MIDDLE AYEDIRE",
            "created_at": "2021-05-25 16:57:17",
            "updated_at": "2021-05-25 16:57:17",
            "agency_id": 95930,
            "type": null
        },
        {
            "id": 212,
            "name": "LGPHCA - IFE CENTRAL LGA",
            "created_at": "2021-05-25 16:57:17",
            "updated_at": "2021-05-25 16:57:17",
            "agency_id": 95930,
            "type": null
        },
        {
            "id": 468,
            "name": "TESCOM - MIDDLE BOLUWADURO",
            "created_at": "2021-05-25 16:57:17",
            "updated_at": "2021-05-25 16:57:17",
            "agency_id": 95930,
            "type": null
        },
        {
            "id": 213,
            "name": "LGPHCA - IFE EAST LGA",
            "created_at": "2021-05-25 16:57:17",
            "updated_at": "2021-05-25 16:57:17",
            "agency_id": 95930,
            "type": null
        },
        {
            "id": 469,
            "name": "TESCOM - MIDDLE BORIPE",
            "created_at": "2021-05-25 16:57:17",
            "updated_at": "2021-05-25 16:57:17",
            "agency_id": 95930,
            "type": null
        },
        {
            "id": 214,
            "name": "LGPHCA - IFE NORTH LGA",
            "created_at": "2021-05-25 16:57:17",
            "updated_at": "2021-05-25 16:57:17",
            "agency_id": 95930,
            "type": null
        },
        {
            "id": 470,
            "name": "TESCOM - MIDDLE EDE NORTH",
            "created_at": "2021-05-25 16:57:17",
            "updated_at": "2021-05-25 16:57:17",
            "agency_id": 95930,
            "type": null
        },
        {
            "id": 215,
            "name": "LGPHCA - IFE SOUTH LGA",
            "created_at": "2021-05-25 16:57:17",
            "updated_at": "2021-05-25 16:57:17",
            "agency_id": 95930,
            "type": null
        },
        {
            "id": 471,
            "name": "TESCOM - MIDDLE EDE SOUTH",
            "created_at": "2021-05-25 16:57:17",
            "updated_at": "2021-05-25 16:57:17",
            "agency_id": 95930,
            "type": null
        },
        {
            "id": 216,
            "name": "LGPHCA - IFEDAYO LGA",
            "created_at": "2021-05-25 16:57:17",
            "updated_at": "2021-05-25 16:57:17",
            "agency_id": 95930,
            "type": null
        },
        {
            "id": 472,
            "name": "TESCOM - MIDDLE EGBEDORE",
            "created_at": "2021-05-25 16:57:17",
            "updated_at": "2021-05-25 16:57:17",
            "agency_id": 95930,
            "type": null
        },
        {
            "id": 217,
            "name": "LGPHCA - IFELODUN LGA",
            "created_at": "2021-05-25 16:57:17",
            "updated_at": "2021-05-25 16:57:17",
            "agency_id": 95930,
            "type": null
        },
        {
            "id": 473,
            "name": "TESCOM - MIDDLE EJIGBO",
            "created_at": "2021-05-25 16:57:17",
            "updated_at": "2021-05-25 16:57:17",
            "agency_id": 95930,
            "type": null
        },
        {
            "id": 218,
            "name": "LGPHCA - ILA LGA",
            "created_at": "2021-05-25 16:57:17",
            "updated_at": "2021-05-25 16:57:17",
            "agency_id": 95930,
            "type": null
        },
        {
            "id": 474,
            "name": "TESCOM - MIDDLE IFE CENTRAL",
            "created_at": "2021-05-25 16:57:17",
            "updated_at": "2021-05-25 16:57:17",
            "agency_id": 95930,
            "type": null
        },
        {
            "id": 219,
            "name": "LGPHCA - ILESA EAST LGA",
            "created_at": "2021-05-25 16:57:17",
            "updated_at": "2021-05-25 16:57:17",
            "agency_id": 95930,
            "type": null
        },
        {
            "id": 475,
            "name": "TESCOM - MIDDLE IFE EAST",
            "created_at": "2021-05-25 16:57:17",
            "updated_at": "2021-05-25 16:57:17",
            "agency_id": 95930,
            "type": null
        },
        {
            "id": 220,
            "name": "LGPHCA - ILESA WEST LGA",
            "created_at": "2021-05-25 16:57:17",
            "updated_at": "2021-05-25 16:57:17",
            "agency_id": 95930,
            "type": null
        },
        {
            "id": 476,
            "name": "TESCOM - MIDDLE IFE EAST AREA OFFICE",
            "created_at": "2021-05-25 16:57:17",
            "updated_at": "2021-05-25 16:57:17",
            "agency_id": 95930,
            "type": null
        },
        {
            "id": 221,
            "name": "LGPHCA - IREPODUN LGA",
            "created_at": "2021-05-25 16:57:17",
            "updated_at": "2021-05-25 16:57:17",
            "agency_id": 95930,
            "type": null
        },
        {
            "id": 477,
            "name": "TESCOM - MIDDLE IFE NORTH",
            "created_at": "2021-05-25 16:57:17",
            "updated_at": "2021-05-25 16:57:17",
            "agency_id": 95930,
            "type": null
        },
        {
            "id": 222,
            "name": "LGPHCA - IREWOLE LGA",
            "created_at": "2021-05-25 16:57:17",
            "updated_at": "2021-05-25 16:57:17",
            "agency_id": 95930,
            "type": null
        },
        {
            "id": 478,
            "name": "TESCOM - MIDDLE IFE SOUTH",
            "created_at": "2021-05-25 16:57:17",
            "updated_at": "2021-05-25 16:57:17",
            "agency_id": 95930,
            "type": null
        },
        {
            "id": 223,
            "name": "LGPHCA - ISOKAN LGA",
            "created_at": "2021-05-25 16:57:17",
            "updated_at": "2021-05-25 16:57:17",
            "agency_id": 95930,
            "type": null
        },
        {
            "id": 479,
            "name": "TESCOM - MIDDLE IFEDAYO",
            "created_at": "2021-05-25 16:57:17",
            "updated_at": "2021-05-25 16:57:17",
            "agency_id": 95930,
            "type": null
        },
        {
            "id": 224,
            "name": "LGPHCA - IWO LGA",
            "created_at": "2021-05-25 16:57:17",
            "updated_at": "2021-05-25 16:57:17",
            "agency_id": 95930,
            "type": null
        },
        {
            "id": 480,
            "name": "TESCOM - MIDDLE IFELODUN",
            "created_at": "2021-05-25 16:57:17",
            "updated_at": "2021-05-25 16:57:17",
            "agency_id": 95930,
            "type": null
        },
        {
            "id": 225,
            "name": "LGPHCA - LCDA - ATAKUMOSA EAST CENTRAL",
            "created_at": "2021-05-25 16:57:17",
            "updated_at": "2021-05-25 16:57:17",
            "agency_id": 95930,
            "type": null
        },
        {
            "id": 481,
            "name": "TESCOM - MIDDLE ILA",
            "created_at": "2021-05-25 16:57:17",
            "updated_at": "2021-05-25 16:57:17",
            "agency_id": 95930,
            "type": null
        },
        {
            "id": 226,
            "name": "LGPHCA - LCDA - ATAKUMOSA WEST CENTRAL",
            "created_at": "2021-05-25 16:57:17",
            "updated_at": "2021-05-25 16:57:17",
            "agency_id": 95930,
            "type": null
        },
        {
            "id": 482,
            "name": "TESCOM - MIDDLE ILESA EAST",
            "created_at": "2021-05-25 16:57:17",
            "updated_at": "2021-05-25 16:57:17",
            "agency_id": 95930,
            "type": null
        },
        {
            "id": 227,
            "name": "LGPHCA - LCDA - AYEDAADE SOUTH",
            "created_at": "2021-05-25 16:57:17",
            "updated_at": "2021-05-25 16:57:17",
            "agency_id": 95930,
            "type": null
        },
        {
            "id": 483,
            "name": "TESCOM - MIDDLE ILESA WEST",
            "created_at": "2021-05-25 16:57:17",
            "updated_at": "2021-05-25 16:57:17",
            "agency_id": 95930,
            "type": null
        },
        {
            "id": 228,
            "name": "LGPHCA - LCDA - AYEDIRE SOUTH",
            "created_at": "2021-05-25 16:57:17",
            "updated_at": "2021-05-25 16:57:17",
            "agency_id": 95930,
            "type": null
        },
        {
            "id": 484,
            "name": "TESCOM - MIDDLE IREPODUN",
            "created_at": "2021-05-25 16:57:17",
            "updated_at": "2021-05-25 16:57:17",
            "agency_id": 95930,
            "type": null
        },
        {
            "id": 229,
            "name": "LGPHCA - LCDA - BOLUWADURO EAST",
            "created_at": "2021-05-25 16:57:17",
            "updated_at": "2021-05-25 16:57:17",
            "agency_id": 95930,
            "type": null
        },
        {
            "id": 485,
            "name": "TESCOM - MIDDLE IREWOLE",
            "created_at": "2021-05-25 16:57:17",
            "updated_at": "2021-05-25 16:57:17",
            "agency_id": 95930,
            "type": null
        },
        {
            "id": 230,
            "name": "LGPHCA - LCDA - BORIPE NORTH",
            "created_at": "2021-05-25 16:57:17",
            "updated_at": "2021-05-25 16:57:17",
            "agency_id": 95930,
            "type": null
        },
        {
            "id": 486,
            "name": "TESCOM - MIDDLE ISOKAN",
            "created_at": "2021-05-25 16:57:17",
            "updated_at": "2021-05-25 16:57:17",
            "agency_id": 95930,
            "type": null
        },
        {
            "id": 231,
            "name": "LGPHCA - LCDA - EDE EAST",
            "created_at": "2021-05-25 16:57:17",
            "updated_at": "2021-05-25 16:57:17",
            "agency_id": 95930,
            "type": null
        },
        {
            "id": 487,
            "name": "TESCOM - MIDDLE IWO",
            "created_at": "2021-05-25 16:57:17",
            "updated_at": "2021-05-25 16:57:17",
            "agency_id": 95930,
            "type": null
        },
        {
            "id": 232,
            "name": "LGPHCA - LCDA - EDE NORTH AREA COUNCIL",
            "created_at": "2021-05-25 16:57:17",
            "updated_at": "2021-05-25 16:57:17",
            "agency_id": 95930,
            "type": null
        },
        {
            "id": 488,
            "name": "TESCOM - MIDDLE OBOKUN",
            "created_at": "2021-05-25 16:57:17",
            "updated_at": "2021-05-25 16:57:17",
            "agency_id": 95930,
            "type": null
        },
        {
            "id": 233,
            "name": "LGPHCA - LCDA - EGBEDORE SOUTH",
            "created_at": "2021-05-25 16:57:17",
            "updated_at": "2021-05-25 16:57:17",
            "agency_id": 95930,
            "type": null
        },
        {
            "id": 489,
            "name": "TESCOM - MIDDLE ODO OTIN",
            "created_at": "2021-05-25 16:57:17",
            "updated_at": "2021-05-25 16:57:17",
            "agency_id": 95930,
            "type": null
        },
        {
            "id": 234,
            "name": "LGPHCA - LCDA - EJIGBO SOUTH",
            "created_at": "2021-05-25 16:57:17",
            "updated_at": "2021-05-25 16:57:17",
            "agency_id": 95930,
            "type": null
        },
        {
            "id": 490,
            "name": "TESCOM - MIDDLE OLA OLUWA",
            "created_at": "2021-05-25 16:57:17",
            "updated_at": "2021-05-25 16:57:17",
            "agency_id": 95930,
            "type": null
        },
        {
            "id": 235,
            "name": "LGPHCA - LCDA - EJIGBO WEST",
            "created_at": "2021-05-25 16:57:17",
            "updated_at": "2021-05-25 16:57:17",
            "agency_id": 95930,
            "type": null
        },
        {
            "id": 491,
            "name": "TESCOM - MIDDLE OLORUNDA",
            "created_at": "2021-05-25 16:57:17",
            "updated_at": "2021-05-25 16:57:17",
            "agency_id": 95930,
            "type": null
        },
        {
            "id": 236,
            "name": "LGPHCA - LCDA - IFE CENTRAL WEST",
            "created_at": "2021-05-25 16:57:17",
            "updated_at": "2021-05-25 16:57:17",
            "agency_id": 95930,
            "type": null
        },
        {
            "id": 492,
            "name": "TESCOM - MIDDLE ORIADE",
            "created_at": "2021-05-25 16:57:17",
            "updated_at": "2021-05-25 16:57:17",
            "agency_id": 95930,
            "type": null
        },
        {
            "id": 237,
            "name": "LGPHCA - LCDA - IFE EAST CENTRAL",
            "created_at": "2021-05-25 16:57:17",
            "updated_at": "2021-05-25 16:57:17",
            "agency_id": 95930,
            "type": null
        },
        {
            "id": 493,
            "name": "TESCOM - MIDDLE OROLU",
            "created_at": "2021-05-25 16:57:17",
            "updated_at": "2021-05-25 16:57:17",
            "agency_id": 95930,
            "type": null
        },
        {
            "id": 238,
            "name": "LGPHCA - LCDA - IFE NORTH WEST",
            "created_at": "2021-05-25 16:57:17",
            "updated_at": "2021-05-25 16:57:17",
            "agency_id": 95930,
            "type": null
        },
        {
            "id": 494,
            "name": "TESCOM - MIDDLE OSOGBO",
            "created_at": "2021-05-25 16:57:17",
            "updated_at": "2021-05-25 16:57:17",
            "agency_id": 95930,
            "type": null
        },
        {
            "id": 239,
            "name": "LGPHCA - LCDA - IFE OOYE",
            "created_at": "2021-05-25 16:57:17",
            "updated_at": "2021-05-25 16:57:17",
            "agency_id": 95930,
            "type": null
        },
        {
            "id": 495,
            "name": "TESCOM - OBOKUN",
            "created_at": "2021-05-25 16:57:17",
            "updated_at": "2021-05-25 16:57:17",
            "agency_id": 95930,
            "type": null
        },
        {
            "id": 240,
            "name": "LGPHCA - LCDA - IFE SOUTH WEST",
            "created_at": "2021-05-25 16:57:17",
            "updated_at": "2021-05-25 16:57:17",
            "agency_id": 95930,
            "type": null
        },
        {
            "id": 496,
            "name": "TESCOM - ODO OTIN",
            "created_at": "2021-05-25 16:57:17",
            "updated_at": "2021-05-25 16:57:17",
            "agency_id": 95930,
            "type": null
        },
        {
            "id": 241,
            "name": "LGPHCA - LCDA - IFELODUN NORTH",
            "created_at": "2021-05-25 16:57:17",
            "updated_at": "2021-05-25 16:57:17",
            "agency_id": 95930,
            "type": null
        },
        {
            "id": 497,
            "name": "TESCOM - OLA OLUWA",
            "created_at": "2021-05-25 16:57:17",
            "updated_at": "2021-05-25 16:57:17",
            "agency_id": 95930,
            "type": null
        },
        {
            "id": 242,
            "name": "LGPHCA - LCDA - ILA CENTRAL",
            "created_at": "2021-05-25 16:57:17",
            "updated_at": "2021-05-25 16:57:17",
            "agency_id": 95930,
            "type": null
        },
        {
            "id": 498,
            "name": "TESCOM - OLORUNDA",
            "created_at": "2021-05-25 16:57:17",
            "updated_at": "2021-05-25 16:57:17",
            "agency_id": 95930,
            "type": null
        },
        {
            "id": 243,
            "name": "LGPHCA - LCDA - ILESA NORTH EAST",
            "created_at": "2021-05-25 16:57:17",
            "updated_at": "2021-05-25 16:57:17",
            "agency_id": 95930,
            "type": null
        },
        {
            "id": 499,
            "name": "TESCOM - ORIADE",
            "created_at": "2021-05-25 16:57:17",
            "updated_at": "2021-05-25 16:57:17",
            "agency_id": 95930,
            "type": null
        },
        {
            "id": 244,
            "name": "LGPHCA - LCDA - ILESA WEST CENTRAL",
            "created_at": "2021-05-25 16:57:17",
            "updated_at": "2021-05-25 16:57:17",
            "agency_id": 95930,
            "type": null
        },
        {
            "id": 500,
            "name": "TESCOM - OROLU",
            "created_at": "2021-05-25 16:57:17",
            "updated_at": "2021-05-25 16:57:17",
            "agency_id": 95930,
            "type": null
        },
        {
            "id": 245,
            "name": "LGPHCA - LCDA - IREPODUN SOUTH",
            "created_at": "2021-05-25 16:57:17",
            "updated_at": "2021-05-25 16:57:17",
            "agency_id": 95930,
            "type": null
        },
        {
            "id": 501,
            "name": "TESCOM - OSOGBO",
            "created_at": "2021-05-25 16:57:17",
            "updated_at": "2021-05-25 16:57:17",
            "agency_id": 95930,
            "type": null
        },
        {
            "id": 246,
            "name": "LGPHCA - LCDA - IREWOLE NORTH EAST",
            "created_at": "2021-05-25 16:57:17",
            "updated_at": "2021-05-25 16:57:17",
            "agency_id": 95930,
            "type": null
        },
        {
            "id": 502,
            "name": "\"UNIOSUN TEACHING HOSPITAL",
            "created_at": "2021-05-25 16:57:17",
            "updated_at": "2021-05-25 16:57:17",
            "agency_id": 95930,
            "type": null
        },
        {
            "id": 247,
            "name": "LGPHCA - LCDA - ISOKAN SOUTH LCDA",
            "created_at": "2021-05-25 16:57:17",
            "updated_at": "2021-05-25 16:57:17",
            "agency_id": 95930,
            "type": null
        },
        {
            "id": 503,
            "name": "VULNERABLE",
            "created_at": "2021-05-25 16:57:17",
            "updated_at": "2021-05-25 16:57:17",
            "agency_id": 95930,
            "type": null
        },
        {
            "id": 248,
            "name": "LGPHCA - LCDA - IWO EAST",
            "created_at": "2021-05-25 16:57:17",
            "updated_at": "2021-05-25 16:57:17",
            "agency_id": 95930,
            "type": null
        },
        {
            "id": 504,
            "name": "YOUTH EMPLOYMENT & SOCIAL SUPPORT OPERATION (YESSO)",
            "created_at": "2021-05-25 16:57:17",
            "updated_at": "2021-05-25 16:57:17",
            "agency_id": 95930,
            "type": null
        },
        {
            "id": 249,
            "name": "LGPHCA - LCDA - IWO WEST",
            "created_at": "2021-05-25 16:57:17",
            "updated_at": "2021-05-25 16:57:17",
            "agency_id": 95930,
            "type": null
        },
        {
            "id": 505,
            "name": "YOUTH SPORTS & SPECIAL NEEDS",
            "created_at": "2021-05-25 16:57:17",
            "updated_at": "2021-05-25 16:57:17",
            "agency_id": 95930,
            "type": null
        },
        {
            "id": 250,
            "name": "LGPHCA - LCDA - OBOKUN EAST",
            "created_at": "2021-05-25 16:57:17",
            "updated_at": "2021-05-25 16:57:17",
            "agency_id": 95930,
            "type": null
        },
        {
            "id": 251,
            "name": "LGPHCA - LCDA - ODO-OTIN NORTH",
            "created_at": "2021-05-25 16:57:17",
            "updated_at": "2021-05-25 16:57:17",
            "agency_id": 95930,
            "type": null
        },
        {
            "id": 252,
            "name": "LGPHCA - LCDA - ODO-OTIN SOUTH",
            "created_at": "2021-05-25 16:57:17",
            "updated_at": "2021-05-25 16:57:17",
            "agency_id": 95930,
            "type": null
        },
        {
            "id": 253,
            "name": "LGPHCA - LCDA - OKINNI ADMINISTRATIVE OFFICE",
            "created_at": "2021-05-25 16:57:17",
            "updated_at": "2021-05-25 16:57:17",
            "agency_id": 95930,
            "type": null
        },
        {
            "id": 254,
            "name": "LGPHCA - LCDA - OLORUNDA NORTH",
            "created_at": "2021-05-25 16:57:17",
            "updated_at": "2021-05-25 16:57:17",
            "agency_id": 95930,
            "type": null
        },
        {
            "id": 255,
            "name": "LGPHCA - LCDA - OLORUNDA SOUTH",
            "created_at": "2021-05-25 16:57:17",
            "updated_at": "2021-05-25 16:57:17",
            "agency_id": 95930,
            "type": null
        }
    ]
}
