{"status":200,"data":[{"id":602,"state_id":2676,"local_name":"Atakunmosa East","created_at":null,"updated_at":null,"abr":null},{"id":603,"state_id":2676,"local_name":"Atakunmosa West","created_at":null,"updated_at":null,"abr":null},{"id":604,"state_id":2676,"local_name":"Aiyedaade","created_at":null,"updated_at":null,"abr":null},{"id":605,"state_id":2676,"local_name":"Aiyedire","created_at":null,"updated_at":null,"abr":null},{"id":606,"state_id":2676,"local_name":"Boluwaduro","created_at":null,"updated_at":null,"abr":null},{"id":607,"state_id":2676,"local_name":"Boripe","created_at":null,"updated_at":null,"abr":null},{"id":608,"state_id":2676,"local_name":"Ede North","created_at":null,"updated_at":null,"abr":null},{"id":609,"state_id":2676,"local_name":"Ede South","created_at":null,"updated_at":null,"abr":null},{"id":610,"state_id":2676,"local_name":"Ife Central","created_at":null,"updated_at":null,"abr":null},{"id":611,"state_id":2676,"local_name":"Ife East","created_at":null,"updated_at":null,"abr":null},{"id":612,"state_id":2676,"local_name":"Ife North","created_at":null,"updated_at":null,"abr":null},{"id":613,"state_id":2676,"local_name":"Ife South","created_at":null,"updated_at":null,"abr":null},{"id":614,"state_id":2676,"local_name":"Egbedore","created_at":null,"updated_at":null,"abr":null},{"id":615,"state_id":2676,"local_name":"Ejigbo","created_at":null,"updated_at":null,"abr":null},{"id":616,"state_id":2676,"local_name":"Ifedayo","created_at":null,"updated_at":null,"abr":null},{"id":617,"state_id":2676,"local_name":"Ifelodun","created_at":null,"updated_at":null,"abr":null},{"id":618,"state_id":2676,"local_name":"Ila","created_at":null,"updated_at":null,"abr":null},{"id":619,"state_id":2676,"local_name":"Ilesa East","created_at":null,"updated_at":null,"abr":null},{"id":620,"state_id":2676,"local_name":"Ilesa West","created_at":null,"updated_at":null,"abr":null},{"id":621,"state_id":2676,"local_name":"Irepodun","created_at":null,"updated_at":null,"abr":null},{"id":622,"state_id":2676,"local_name":"Irewole","created_at":null,"updated_at":null,"abr":null},{"id":623,"state_id":2676,"local_name":"Isokan","created_at":null,"updated_at":null,"abr":null},{"id":624,"state_id":2676,"local_name":"Iwo","created_at":null,"updated_at":null,"abr":null},{"id":625,"state_id":2676,"local_name":"Obokun","created_at":null,"updated_at":null,"abr":null},{"id":626,"state_id":2676,"local_name":"Odo Otin","created_at":null,"updated_at":null,"abr":null},{"id":627,"state_id":2676,"local_name":"Ola Oluwa","created_at":null,"updated_at":null,"abr":null},{"id":628,"state_id":2676,"local_name":"Olorunda","created_at":null,"updated_at":null,"abr":null},{"id":629,"state_id":2676,"local_name":"Oriade","created_at":null,"updated_at":null,"abr":null},{"id":630,"state_id":2676,"local_name":"Orolu","created_at":null,"updated_at":null,"abr":null},{"id":631,"state_id":2676,"local_name":"Osogbo","created_at":null,"updated_at":null,"abr":null}]}