{"data":[
  {"id":17,"agency_id":95930,"organization_name":"MARINA MEDICAL SERVICES (HMO) LIMITED","phone_number":"0814-481-4021","email":"info@marinamedicalhmo@gmail.com","created_at":"2021-05-10 07:57:43","updated_at":"2021-05-10 07:57:43","user_id":96056,"category":"A","tpa_id":"9"},
  {"id":16,"agency_id":95930,"organization_name":"AIICOMULTISHIELD LIMITED","phone_number":"0905-551-4760","email":"info@aiicomultishield.com","created_at":"2021-05-10 07:56:10","updated_at":"2021-05-10 07:56:10","user_id":96055,"category":"A","tpa_id":"8"},
  {"id":15,"agency_id":95930,"organization_name":"INTERNATIONAL HEALTH MANAGEMENT SERVICES LIMITED","phone_number":"08121010100","email":"infoihmsnigeria.com","created_at":"2021-05-10 07:54:41","updated_at":"2021-05-10 07:54:41","user_id":96054,"category":"A","tpa_id":"7"},
  {"id":14,"agency_id":95930,"organization_name":"MAAYOIT HEALTHCARE LIMITED","phone_number":"0809-073-2296","email":"info@maayoithealth.org","created_at":"2021-05-10 07:52:25","updated_at":"2021-05-10 07:52:25","user_id":96053,"category":"A","tpa_id":"6"},
  {"id":13,"agency_id":95930,"organization_name":"NONSUCH MEDICARE LIMITED","phone_number":"0703-230-5500","email":"nonsuchmedicare@gmail.com","created_at":"2021-05-10 07:50:51","updated_at":"2021-05-10 07:50:51","user_id":96052,"category":"A","tpa_id":"4"},
  {"id":12,"agency_id":95930,"organization_name":"MEDIPLAN HEALTHCARE LIMITED","phone_number":"0807-182-4347","email":"mediplan@mediplanhealthcare.com","created_at":"2021-05-10 07:49:25","updated_at":"2021-05-10 07:49:25","user_id":96051,"category":"A","tpa_id":"3"},
  {"id":11,"agency_id":95930,"organization_name":"UNITED HEALTHCARE INTERNATIONAL LIMITED","phone_number":"0704-320-0804","email":"info@unitedhealthcarehmo.com","created_at":"2021-05-10 07:32:56","updated_at":"2021-05-10 07:32:56","user_id":96049,"category":"A","tpa_id":"2"},
  {"id":10,"agency_id":95930,"organization_name":"ULTIMATE HEALTH MANAGEMENT SERVICES LIMITED","phone_number":"0909-567-7777","email":"info@ultimatehealthhmo.com","created_at":"2021-05-10 07:31:30","updated_at":"2021-05-10 07:31:30","user_id":96048,"category":"A","tpa_id":"1"}],
  "links":{"first":"https:\/\/api.hayokinsurance.com\/api\/v1\/auth\/org_agency\/95930?page=1","last":"https:\/\/api.hayokinsurance.com\/api\/v1\/auth\/org_agency\/95930?page=1","prev":null,"next":null},
  "meta":{"current_page":1,"from":1,"last_page":1,"path":"https:\/\/api.hayokinsurance.com\/api\/v1\/auth\/org_agency\/95930","per_page":15,"to":13,"total":13}}
