[{"id":403,"lg_id":608,"ward_name":"SAGBA","ward_short_name":null,"created_at":"2021-05-09 20:15:50","updated_at":"2021-05-09 20:15:50","state_id":2676},{"id":404,"lg_id":608,"ward_name":"OSUN AGBENI","ward_short_name":null,"created_at":"2021-05-09 20:16:13","updated_at":"2021-05-18 09:26:44","state_id":2676},{"id":405,"lg_id":608,"ward_name":"ISALE OYEKU","ward_short_name":null,"created_at":"2021-05-09 20:16:44","updated_at":"2021-05-18 09:29:14","state_id":2676},{"id":406,"lg_id":608,"ward_name":"OLUSOKUN","ward_short_name":null,"created_at":"2021-05-09 20:16:54","updated_at":"2021-05-09 20:16:54","state_id":2676},{"id":407,"lg_id":608,"ward_name":"OJA TIMI","ward_short_name":null,"created_at":"2021-05-09 20:17:09","updated_at":"2021-05-18 09:27:07","state_id":2676},{"id":408,"lg_id":608,"ward_name":"OWODE","ward_short_name":null,"created_at":"2021-05-09 20:17:24","updated_at":"2021-05-18 09:29:40","state_id":2676},{"id":409,"lg_id":608,"ward_name":"AIPOLA","ward_short_name":null,"created_at":"2021-05-09 20:17:35","updated_at":"2021-05-18 09:28:23","state_id":2676},{"id":410,"lg_id":608,"ward_name":"APASO","ward_short_name":null,"created_at":"2021-05-09 20:17:52","updated_at":"2021-05-09 20:17:52","state_id":2676},{"id":411,"lg_id":608,"ward_name":"ADODO","ward_short_name":null,"created_at":"2021-05-09 20:18:02","updated_at":"2021-05-18 09:28:45","state_id":2676},{"id":412,"lg_id":608,"ward_name":"OKE GADA","ward_short_name":null,"created_at":"2021-05-09 20:18:13","updated_at":"2021-05-18 09:26:25","state_id":2676},{"id":413,"lg_id":608,"ward_name":"ASUNMON","ward_short_name":null,"created_at":"2021-05-09 20:18:29","updated_at":"2021-05-18 09:27:56","state_id":2676},{"id":414,"lg_id":609,"ward_name":"ALAJUE OJA","ward_short_name":null,"created_at":"2021-05-09 20:19:01","updated_at":"2021-05-18 08:42:14","state_id":2676},{"id":415,"lg_id":609,"ward_name":"EDEDIMEJI","ward_short_name":null,"created_at":"2021-05-09 20:19:09","updated_at":"2021-05-18 08:41:48","state_id":2676},{"id":416,"lg_id":609,"ward_name":"EGBEDA","ward_short_name":null,"created_at":"2021-05-09 20:19:19","updated_at":"2021-05-18 08:43:56","state_id":2676},{"id":417,"lg_id":609,"ward_name":"BABASANYA","ward_short_name":null,"created_at":"2021-05-09 20:19:29","updated_at":"2021-05-09 20:19:29","state_id":2676},{"id":418,"lg_id":609,"ward_name":"JAGUNJAGUN","ward_short_name":null,"created_at":"2021-05-09 20:21:34","updated_at":"2021-05-09 20:21:34","state_id":2676},{"id":419,"lg_id":609,"ward_name":"KUYE","ward_short_name":null,"created_at":"2021-05-09 20:21:51","updated_at":"2021-05-09 20:21:51","state_id":2676},{"id":420,"lg_id":609,"ward_name":"OBADA","ward_short_name":null,"created_at":"2021-05-09 20:22:57","updated_at":"2021-05-18 08:43:00","state_id":2676},{"id":421,"lg_id":609,"ward_name":"OLODAN","ward_short_name":null,"created_at":"2021-05-09 20:23:05","updated_at":"2021-05-09 20:23:05","state_id":2676},{"id":422,"lg_id":609,"ward_name":"AKODA","ward_short_name":null,"created_at":"2021-05-09 20:23:14","updated_at":"2021-05-18 08:44:25","state_id":2676},{"id":423,"lg_id":609,"ward_name":"SEKONA","ward_short_name":null,"created_at":"2021-05-09 20:23:25","updated_at":"2021-05-09 20:23:25","state_id":2676},{"id":424,"lg_id":615,"ward_name":"MODEL","ward_short_name":null,"created_at":"2021-05-09 20:23:39","updated_at":"2021-05-18 08:45:15","state_id":2676},{"id":425,"lg_id":615,"ward_name":"ISALE OSOLO","ward_short_name":null,"created_at":"2021-05-09 20:23:47","updated_at":"2021-05-09 20:23:47","state_id":2676},{"id":426,"lg_id":615,"ward_name":"POPO","ward_short_name":null,"created_at":"2021-05-09 20:24:41","updated_at":"2021-05-09 20:24:41","state_id":2676},{"id":427,"lg_id":615,"ward_name":"OKE BALOGUN","ward_short_name":null,"created_at":"2021-05-09 20:24:49","updated_at":"2021-05-09 20:24:49","state_id":2676},{"id":428,"lg_id":615,"ward_name":"AYEGBOGBO","ward_short_name":null,"created_at":"2021-05-09 20:25:02","updated_at":"2021-05-17 11:03:21","state_id":2676},{"id":429,"lg_id":615,"ward_name":"OLA","ward_short_name":null,"created_at":"2021-05-09 20:25:11","updated_at":"2021-05-09 20:25:11","state_id":2676},{"id":430,"lg_id":615,"ward_name":"IFE ODAN","ward_short_name":null,"created_at":"2021-05-09 20:25:21","updated_at":"2021-05-17 11:04:08","state_id":2676},{"id":431,"lg_id":615,"ward_name":"MASIFA","ward_short_name":null,"created_at":"2021-05-09 20:25:31","updated_at":"2021-05-09 20:25:31","state_id":2676},{"id":432,"lg_id":615,"ward_name":"ILAWO","ward_short_name":null,"created_at":"2021-05-09 20:25:42","updated_at":"2021-05-09 20:25:42","state_id":2676},{"id":433,"lg_id":615,"ward_name":"IKA","ward_short_name":null,"created_at":"2021-05-09 20:25:52","updated_at":"2021-05-17 11:05:35","state_id":2676},{"id":434,"lg_id":615,"ward_name":"SONGBE","ward_short_name":null,"created_at":"2021-05-09 20:26:02","updated_at":"2021-05-09 20:26:02","state_id":2676},{"id":435,"lg_id":614,"ward_name":"AWO","ward_short_name":null,"created_at":"2021-05-09 20:26:32","updated_at":"2021-05-09 20:26:32","state_id":2676},{"id":436,"lg_id":614,"ward_name":"ALASAN","ward_short_name":null,"created_at":"2021-05-09 20:26:41","updated_at":"2021-05-17 10:29:01","state_id":2676},{"id":437,"lg_id":614,"ward_name":"ARA","ward_short_name":null,"created_at":"2021-05-09 20:26:51","updated_at":"2021-05-18 08:45:37","state_id":2676},{"id":438,"lg_id":614,"ward_name":"IDO OSUN","ward_short_name":null,"created_at":"2021-05-09 20:27:00","updated_at":"2021-05-09 20:27:00","state_id":2676},{"id":439,"lg_id":614,"ward_name":"IRAGBERI I","ward_short_name":null,"created_at":"2021-05-09 20:27:08","updated_at":"2021-05-17 10:27:46","state_id":2676},{"id":440,"lg_id":614,"ward_name":"IRAGBERI","ward_short_name":null,"created_at":"2021-05-09 20:27:17","updated_at":"2021-05-17 10:27:31","state_id":2676},{"id":441,"lg_id":614,"ward_name":"EKURO\/IDOO","ward_short_name":null,"created_at":"2021-05-09 20:27:26","updated_at":"2021-05-09 20:27:26","state_id":2676},{"id":442,"lg_id":614,"ward_name":"IKOTUN","ward_short_name":null,"created_at":"2021-05-09 20:27:36","updated_at":"2021-05-09 20:27:36","state_id":2676},{"id":443,"lg_id":614,"ward_name":"OJO ARO","ward_short_name":null,"created_at":"2021-05-09 20:27:46","updated_at":"2021-05-09 20:27:46","state_id":2676},{"id":444,"lg_id":614,"ward_name":"OFATEDO\/OLOR","ward_short_name":null,"created_at":"2021-05-09 20:27:58","updated_at":"2021-05-17 10:26:41","state_id":2676},{"id":445,"lg_id":624,"ward_name":"OGBURO","ward_short_name":null,"created_at":"2021-05-09 20:28:14","updated_at":"2021-05-17 12:11:12","state_id":2676},{"id":446,"lg_id":624,"ward_name":"ABGERIRE","ward_short_name":null,"created_at":"2021-05-09 20:28:22","updated_at":"2021-05-17 12:10:54","state_id":2676},{"id":447,"lg_id":624,"ward_name":"FEESU","ward_short_name":null,"created_at":"2021-05-09 20:28:33","updated_at":"2021-05-17 12:10:22","state_id":2676},{"id":448,"lg_id":624,"ward_name":"EESIKI","ward_short_name":null,"created_at":"2021-05-09 20:28:43","updated_at":"2021-05-17 12:10:07","state_id":2676},{"id":449,"lg_id":624,"ward_name":"AGO","ward_short_name":null,"created_at":"2021-05-09 20:29:18","updated_at":"2021-05-17 12:09:51","state_id":2676},{"id":450,"lg_id":624,"ward_name":"AGBOOGBO","ward_short_name":null,"created_at":"2021-05-09 20:29:48","updated_at":"2021-05-17 12:09:40","state_id":2676},{"id":451,"lg_id":624,"ward_name":"YIDI OBA","ward_short_name":null,"created_at":"2021-05-09 20:30:01","updated_at":"2021-05-17 12:09:24","state_id":2676},{"id":452,"lg_id":624,"ward_name":"MOSERU","ward_short_name":null,"created_at":"2021-05-09 20:30:10","updated_at":"2021-05-17 12:09:10","state_id":2676},{"id":453,"lg_id":624,"ward_name":"OBATEDO","ward_short_name":null,"created_at":"2021-05-09 20:30:28","updated_at":"2021-05-17 12:08:56","state_id":2676},{"id":454,"lg_id":624,"ward_name":"AJANGBALA","ward_short_name":null,"created_at":"2021-05-09 20:30:37","updated_at":"2021-05-17 12:08:43","state_id":2676},{"id":455,"lg_id":624,"ward_name":"ISALE OBA","ward_short_name":null,"created_at":"2021-05-09 20:30:50","updated_at":"2021-05-17 12:08:19","state_id":2676},{"id":456,"lg_id":624,"ward_name":"DAODU AGBA","ward_short_name":null,"created_at":"2021-05-09 20:30:58","updated_at":"2021-05-17 12:08:07","state_id":2676},{"id":457,"lg_id":624,"ward_name":"ALAYE","ward_short_name":null,"created_at":"2021-05-09 20:31:10","updated_at":"2021-05-17 12:06:38","state_id":2676},{"id":458,"lg_id":624,"ward_name":"OLOBERE","ward_short_name":null,"created_at":"2021-05-09 20:31:19","updated_at":"2021-05-18 08:29:23","state_id":2676},{"id":459,"lg_id":624,"ward_name":"MISINOLA","ward_short_name":null,"created_at":"2021-05-09 20:31:31","updated_at":"2021-05-17 12:06:12","state_id":2676},{"id":460,"lg_id":627,"ward_name":"TELEMU","ward_short_name":null,"created_at":"2021-05-09 20:32:06","updated_at":"2021-05-18 09:30:03","state_id":2676},{"id":461,"lg_id":627,"ward_name":"ASAMU","ward_short_name":null,"created_at":"2021-05-09 20:32:24","updated_at":"2021-05-17 12:43:35","state_id":2676},{"id":462,"lg_id":627,"ward_name":"OGBAAGBA","ward_short_name":null,"created_at":"2021-05-09 20:32:33","updated_at":"2021-05-17 12:42:29","state_id":2676},{"id":463,"lg_id":627,"ward_name":"ALGON IKIRE","ward_short_name":null,"created_at":"2021-05-09 20:32:43","updated_at":"2021-05-17 12:43:21","state_id":2676},{"id":464,"lg_id":627,"ward_name":"PAPA","ward_short_name":null,"created_at":"2021-05-09 20:32:52","updated_at":"2021-05-17 12:42:19","state_id":2676},{"id":465,"lg_id":627,"ward_name":"IKONIFIN","ward_short_name":null,"created_at":"2021-05-09 20:33:01","updated_at":"2021-05-17 12:41:09","state_id":2676},{"id":466,"lg_id":627,"ward_name":"ILE OGO","ward_short_name":null,"created_at":"2021-05-09 20:33:16","updated_at":"2021-05-17 12:40:58","state_id":2676},{"id":467,"lg_id":627,"ward_name":"BODE OSI","ward_short_name":null,"created_at":"2021-05-09 20:34:28","updated_at":"2021-05-09 20:34:28","state_id":2676},{"id":468,"lg_id":627,"ward_name":"AJAGBA","ward_short_name":null,"created_at":"2021-05-09 20:34:37","updated_at":"2021-05-17 12:40:27","state_id":2676},{"id":469,"lg_id":627,"ward_name":"ASA","ward_short_name":null,"created_at":"2021-05-09 20:34:47","updated_at":"2021-05-17 12:40:16","state_id":2676},{"id":470,"lg_id":605,"ward_name":"AMOBI","ward_short_name":null,"created_at":"2021-05-09 20:35:03","updated_at":"2021-05-09 20:35:03","state_id":2676},{"id":471,"lg_id":605,"ward_name":"ONIGANGAN","ward_short_name":null,"created_at":"2021-05-09 20:35:12","updated_at":"2021-05-18 09:21:33","state_id":2676},{"id":472,"lg_id":605,"ward_name":"OKOMI","ward_short_name":null,"created_at":"2021-05-09 20:35:22","updated_at":"2021-05-18 09:20:35","state_id":2676},{"id":473,"lg_id":605,"ward_name":"IDIOGUN","ward_short_name":null,"created_at":"2021-05-09 20:35:30","updated_at":"2021-05-18 09:20:49","state_id":2676},{"id":474,"lg_id":605,"ward_name":"ILAJI","ward_short_name":null,"created_at":"2021-05-09 20:35:39","updated_at":"2021-05-18 09:21:02","state_id":2676},{"id":475,"lg_id":605,"ward_name":"ISALE OBA","ward_short_name":null,"created_at":"2021-05-09 20:35:48","updated_at":"2021-05-09 20:35:48","state_id":2676},{"id":476,"lg_id":605,"ward_name":"OKE ODO","ward_short_name":null,"created_at":"2021-05-09 20:35:57","updated_at":"2021-05-18 09:21:54","state_id":2676},{"id":477,"lg_id":605,"ward_name":"OMISORE","ward_short_name":null,"created_at":"2021-05-09 20:36:18","updated_at":"2021-05-09 20:36:18","state_id":2676},{"id":478,"lg_id":605,"ward_name":"AYITEDO","ward_short_name":null,"created_at":"2021-05-09 20:36:28","updated_at":"2021-05-18 09:19:37","state_id":2676},{"id":479,"lg_id":605,"ward_name":"POPO","ward_short_name":null,"created_at":"2021-05-09 20:36:39","updated_at":"2021-05-09 20:36:39","state_id":2676},{"id":480,"lg_id":604,"ward_name":"BALOGUN","ward_short_name":null,"created_at":"2021-05-09 20:36:54","updated_at":"2021-05-09 20:36:54","state_id":2676},{"id":481,"lg_id":604,"ward_name":"OTUN BALOGUN","ward_short_name":null,"created_at":"2021-05-09 20:37:05","updated_at":"2021-05-09 20:37:05","state_id":2676},{"id":482,"lg_id":604,"ward_name":"AGO OWU","ward_short_name":null,"created_at":"2021-05-09 20:37:13","updated_at":"2021-05-18 09:25:27","state_id":2676},{"id":483,"lg_id":604,"ward_name":"TONKERE","ward_short_name":null,"created_at":"2021-05-09 20:37:21","updated_at":"2021-05-18 09:25:07","state_id":2676},{"id":484,"lg_id":604,"ward_name":"IJUGBE OJA","ward_short_name":null,"created_at":"2021-05-09 20:37:44","updated_at":"2021-05-18 09:24:15","state_id":2676},{"id":485,"lg_id":604,"ward_name":"WAKAJAYE","ward_short_name":null,"created_at":"2021-05-09 20:37:54","updated_at":"2021-05-18 09:22:53","state_id":2676},{"id":486,"lg_id":604,"ward_name":"GBONGAN RURAL","ward_short_name":null,"created_at":"2021-05-09 20:38:02","updated_at":"2021-05-09 20:38:02","state_id":2676},{"id":487,"lg_id":604,"ward_name":"ODE OMU RURAL","ward_short_name":null,"created_at":"2021-05-09 20:38:17","updated_at":"2021-05-09 20:38:17","state_id":2676},{"id":488,"lg_id":604,"ward_name":"ORILE OWU","ward_short_name":null,"created_at":"2021-05-09 20:38:27","updated_at":"2021-05-18 09:24:51","state_id":2676},{"id":489,"lg_id":604,"ward_name":"OKE OLU","ward_short_name":null,"created_at":"2021-05-09 20:38:37","updated_at":"2021-05-18 09:23:20","state_id":2676},{"id":490,"lg_id":604,"ward_name":"ARAROMI OWU","ward_short_name":null,"created_at":"2021-05-09 20:38:45","updated_at":"2021-05-09 20:38:45","state_id":2676},{"id":491,"lg_id":622,"ward_name":"MORINGBERE","ward_short_name":null,"created_at":"2021-05-09 20:39:06","updated_at":"2021-05-09 20:39:06","state_id":2676},{"id":492,"lg_id":622,"ward_name":"IGIDU","ward_short_name":null,"created_at":"2021-05-09 20:39:21","updated_at":"2021-05-17 11:54:58","state_id":2676},{"id":493,"lg_id":622,"ward_name":"OMODA","ward_short_name":null,"created_at":"2021-05-09 20:39:31","updated_at":"2021-05-17 11:53:22","state_id":2676},{"id":494,"lg_id":622,"ward_name":"FIDIWO","ward_short_name":null,"created_at":"2021-05-09 20:39:40","updated_at":"2021-05-17 11:51:46","state_id":2676},{"id":495,"lg_id":622,"ward_name":"AKO","ward_short_name":null,"created_at":"2021-05-09 20:39:48","updated_at":"2021-05-17 11:51:33","state_id":2676},{"id":496,"lg_id":622,"ward_name":"AYEDAADE","ward_short_name":null,"created_at":"2021-05-09 20:39:59","updated_at":"2021-05-17 11:51:13","state_id":2676},{"id":497,"lg_id":622,"ward_name":"WAASINMI","ward_short_name":null,"created_at":"2021-05-09 20:40:10","updated_at":"2021-05-17 11:49:58","state_id":2676},{"id":498,"lg_id":622,"ward_name":"ODEYINKA","ward_short_name":null,"created_at":"2021-05-09 20:40:19","updated_at":"2021-05-09 20:40:19","state_id":2676},{"id":499,"lg_id":622,"ward_name":"ATILE","ward_short_name":null,"created_at":"2021-05-09 20:40:28","updated_at":"2021-05-17 11:49:30","state_id":2676},{"id":500,"lg_id":622,"ward_name":"ISLAMIA","ward_short_name":null,"created_at":"2021-05-09 20:40:38","updated_at":"2021-05-17 11:49:15","state_id":2676},{"id":501,"lg_id":622,"ward_name":"OLUOFINRIN","ward_short_name":null,"created_at":"2021-05-09 20:40:47","updated_at":"2021-05-17 11:48:29","state_id":2676},{"id":502,"lg_id":623,"ward_name":"ADESINA","ward_short_name":null,"created_at":"2021-05-09 20:41:05","updated_at":"2021-05-17 12:00:47","state_id":2676},{"id":503,"lg_id":623,"ward_name":"OLOKUTA","ward_short_name":null,"created_at":"2021-05-09 20:41:14","updated_at":"2021-05-17 12:00:24","state_id":2676},{"id":504,"lg_id":623,"ward_name":"AWALA","ward_short_name":null,"created_at":"2021-05-09 20:41:22","updated_at":"2021-05-17 11:57:12","state_id":2676},{"id":505,"lg_id":623,"ward_name":"OLOKUTA","ward_short_name":null,"created_at":"2021-05-09 20:41:30","updated_at":"2021-05-17 11:59:47","state_id":2676},{"id":506,"lg_id":623,"ward_name":"OKE ALFA","ward_short_name":null,"created_at":"2021-05-09 20:41:38","updated_at":"2021-05-17 11:59:22","state_id":2676},{"id":507,"lg_id":623,"ward_name":"OKE OKO","ward_short_name":null,"created_at":"2021-05-09 20:41:47","updated_at":"2021-05-17 11:58:55","state_id":2676},{"id":508,"lg_id":623,"ward_name":"ASEJIRE","ward_short_name":null,"created_at":"2021-05-09 20:41:55","updated_at":"2021-05-18 08:32:40","state_id":2676},{"id":509,"lg_id":623,"ward_name":"TOTAL","ward_short_name":null,"created_at":"2021-05-09 20:42:04","updated_at":"2021-05-17 11:58:29","state_id":2676},{"id":510,"lg_id":623,"ward_name":"ORANRAN","ward_short_name":null,"created_at":"2021-05-09 20:42:16","updated_at":"2021-05-09 20:42:16","state_id":2676},{"id":511,"lg_id":623,"ward_name":"AYEPE","ward_short_name":null,"created_at":"2021-05-09 20:42:25","updated_at":"2021-05-17 11:57:41","state_id":2676},{"id":512,"lg_id":623,"ward_name":"IKOYI","ward_short_name":null,"created_at":"2021-05-09 20:42:35","updated_at":"2021-05-17 11:56:34","state_id":2676},{"id":513,"lg_id":611,"ward_name":"MOORE","ward_short_name":null,"created_at":"2021-05-09 20:43:11","updated_at":"2021-05-09 20:43:11","state_id":2676},{"id":514,"lg_id":611,"ward_name":"OKE-OTUBU","ward_short_name":null,"created_at":"2021-05-09 20:43:51","updated_at":"2021-05-17 10:03:41","state_id":2676},{"id":515,"lg_id":611,"ward_name":"ITASIN","ward_short_name":null,"created_at":"2021-05-09 20:44:00","updated_at":"2021-05-17 10:03:03","state_id":2676},{"id":516,"lg_id":611,"ward_name":"ADEOWO","ward_short_name":null,"created_at":"2021-05-09 20:44:09","updated_at":"2021-05-17 10:02:26","state_id":2676},{"id":517,"lg_id":611,"ward_name":"OLUGBODO","ward_short_name":null,"created_at":"2021-05-09 20:44:18","updated_at":"2021-05-17 10:02:03","state_id":2676},{"id":518,"lg_id":611,"ward_name":"IFELODUN","ward_short_name":null,"created_at":"2021-05-09 20:44:41","updated_at":"2021-05-17 10:01:16","state_id":2676},{"id":519,"lg_id":611,"ward_name":"YEKEMI","ward_short_name":null,"created_at":"2021-05-09 20:44:52","updated_at":"2021-05-09 20:44:52","state_id":2676},{"id":520,"lg_id":611,"ward_name":"ILORO","ward_short_name":null,"created_at":"2021-05-09 20:45:01","updated_at":"2021-05-17 10:00:48","state_id":2676},{"id":521,"lg_id":611,"ward_name":"OMITOTO","ward_short_name":null,"created_at":"2021-05-09 20:45:10","updated_at":"2021-05-17 09:50:57","state_id":2676},{"id":522,"lg_id":611,"ward_name":"ODOWARA","ward_short_name":null,"created_at":"2021-05-09 20:45:18","updated_at":"2021-05-17 06:52:04","state_id":2676},{"id":523,"lg_id":610,"ward_name":"OJATUNTUN","ward_short_name":null,"created_at":"2021-05-09 20:45:30","updated_at":"2021-05-18 08:35:27","state_id":2676},{"id":524,"lg_id":610,"ward_name":"AKARABATA","ward_short_name":null,"created_at":"2021-05-09 20:46:32","updated_at":"2021-05-09 20:46:32","state_id":2676},{"id":525,"lg_id":610,"ward_name":"ABAGBORO","ward_short_name":null,"created_at":"2021-05-09 20:46:44","updated_at":"2021-05-18 08:34:46","state_id":2676},{"id":526,"lg_id":610,"ward_name":"OLA-OLU","ward_short_name":null,"created_at":"2021-05-09 20:46:52","updated_at":"2021-05-18 08:34:20","state_id":2676},{"id":527,"lg_id":610,"ward_name":"ENUWA","ward_short_name":null,"created_at":"2021-05-09 20:47:05","updated_at":"2021-05-18 08:34:04","state_id":2676},{"id":528,"lg_id":610,"ward_name":"ADEREMI","ward_short_name":null,"created_at":"2021-05-09 20:47:14","updated_at":"2021-05-18 08:36:01","state_id":2676},{"id":529,"lg_id":610,"ward_name":"AKUTI","ward_short_name":null,"created_at":"2021-05-09 20:47:24","updated_at":"2021-05-18 08:35:45","state_id":2676},{"id":530,"lg_id":610,"ward_name":"ELEYELE","ward_short_name":null,"created_at":"2021-05-09 20:47:34","updated_at":"2021-05-18 08:35:07","state_id":2676},{"id":531,"lg_id":610,"ward_name":"FAJUYI","ward_short_name":null,"created_at":"2021-05-09 20:47:42","updated_at":"2021-05-18 08:33:49","state_id":2676},{"id":532,"lg_id":610,"ward_name":"IGBOYA","ward_short_name":null,"created_at":"2021-05-09 20:47:51","updated_at":"2021-05-18 08:33:29","state_id":2676},{"id":533,"lg_id":610,"ward_name":"GBALEFEFE","ward_short_name":null,"created_at":"2021-05-09 20:48:16","updated_at":"2021-05-18 08:36:28","state_id":2676},{"id":535,"lg_id":612,"ward_name":"ABORISADE","ward_short_name":null,"created_at":"2021-05-09 20:48:47","updated_at":"2021-05-17 10:13:10","state_id":2676},{"id":536,"lg_id":612,"ward_name":"INOBAMBU","ward_short_name":null,"created_at":"2021-05-09 20:57:55","updated_at":"2021-05-17 10:12:38","state_id":2676},{"id":537,"lg_id":612,"ward_name":"EDUNABON","ward_short_name":null,"created_at":"2021-05-09 20:58:28","updated_at":"2021-05-17 10:09:40","state_id":2676},{"id":538,"lg_id":612,"ward_name":"EDUNABO","ward_short_name":null,"created_at":"2021-05-09 20:59:36","updated_at":"2021-05-17 10:09:29","state_id":2676},{"id":539,"lg_id":612,"ward_name":"MORO","ward_short_name":null,"created_at":"2021-05-09 20:59:54","updated_at":"2021-05-09 20:59:54","state_id":2676},{"id":540,"lg_id":612,"ward_name":"YAKOOYO","ward_short_name":null,"created_at":"2021-05-09 21:00:05","updated_at":"2021-05-09 21:00:05","state_id":2676},{"id":541,"lg_id":612,"ward_name":"AKINLALU","ward_short_name":null,"created_at":"2021-05-09 21:00:14","updated_at":"2021-05-17 10:11:26","state_id":2676},{"id":542,"lg_id":612,"ward_name":"FAMIA","ward_short_name":null,"created_at":"2021-05-09 21:00:24","updated_at":"2021-05-09 21:00:24","state_id":2676},{"id":543,"lg_id":612,"ward_name":"OKOOKO","ward_short_name":null,"created_at":"2021-05-09 21:00:34","updated_at":"2021-05-17 10:08:45","state_id":2676},{"id":544,"lg_id":612,"ward_name":"SOOKO","ward_short_name":null,"created_at":"2021-05-09 21:00:43","updated_at":"2021-05-17 10:08:07","state_id":2676},{"id":545,"lg_id":613,"ward_name":"OLODE","ward_short_name":null,"created_at":"2021-05-09 21:00:56","updated_at":"2021-05-09 21:00:56","state_id":2676},{"id":546,"lg_id":613,"ward_name":"AGBOROGBORO","ward_short_name":null,"created_at":"2021-05-09 21:01:06","updated_at":"2021-05-17 10:23:08","state_id":2676},{"id":547,"lg_id":613,"ward_name":"ODESAN","ward_short_name":null,"created_at":"2021-05-09 21:02:25","updated_at":"2021-05-17 10:22:24","state_id":2676},{"id":548,"lg_id":613,"ward_name":"FAYEMI","ward_short_name":null,"created_at":"2021-05-09 21:02:36","updated_at":"2021-05-17 10:24:04","state_id":2676},{"id":549,"lg_id":613,"ward_name":"IFETEDO","ward_short_name":null,"created_at":"2021-05-09 21:02:44","updated_at":"2021-05-17 10:21:40","state_id":2676},{"id":550,"lg_id":613,"ward_name":"ARAROMI","ward_short_name":null,"created_at":"2021-05-09 21:02:52","updated_at":"2021-05-17 10:21:18","state_id":2676},{"id":551,"lg_id":613,"ward_name":"EGBEJODA","ward_short_name":null,"created_at":"2021-05-09 21:03:02","updated_at":"2021-05-17 10:20:27","state_id":2676},{"id":552,"lg_id":613,"ward_name":"OSI OKERO","ward_short_name":null,"created_at":"2021-05-09 21:03:13","updated_at":"2021-05-17 10:19:26","state_id":2676},{"id":553,"lg_id":613,"ward_name":"AYE OBA","ward_short_name":null,"created_at":"2021-05-09 21:03:22","updated_at":"2021-05-17 10:18:40","state_id":2676},{"id":554,"lg_id":613,"ward_name":"ONIGBODOGI","ward_short_name":null,"created_at":"2021-05-09 21:03:32","updated_at":"2021-05-17 10:18:02","state_id":2676},{"id":555,"lg_id":613,"ward_name":"MOSAFEJO","ward_short_name":null,"created_at":"2021-05-09 21:03:41","updated_at":"2021-05-17 10:17:15","state_id":2676},{"id":556,"lg_id":602,"ward_name":"IWARA","ward_short_name":null,"created_at":"2021-05-09 21:04:03","updated_at":"2021-05-09 21:04:03","state_id":2676},{"id":557,"lg_id":602,"ward_name":"IGANGAN","ward_short_name":null,"created_at":"2021-05-09 21:04:13","updated_at":"2021-05-09 21:04:13","state_id":2676},{"id":558,"lg_id":602,"ward_name":"IPOLE","ward_short_name":null,"created_at":"2021-05-09 21:04:35","updated_at":"2021-05-09 21:04:35","state_id":2676},{"id":559,"lg_id":602,"ward_name":"IPERINDO","ward_short_name":null,"created_at":"2021-05-09 21:05:07","updated_at":"2021-05-09 21:05:07","state_id":2676},{"id":560,"lg_id":602,"ward_name":"ITAAPA","ward_short_name":null,"created_at":"2021-05-09 21:05:15","updated_at":"2021-05-15 21:04:49","state_id":2676},{"id":561,"lg_id":602,"ward_name":"ODOGBO","ward_short_name":null,"created_at":"2021-05-09 21:05:24","updated_at":"2021-05-09 21:05:24","state_id":2676},{"id":562,"lg_id":602,"ward_name":"SOKOTO","ward_short_name":null,"created_at":"2021-05-09 21:05:33","updated_at":"2021-05-09 21:05:33","state_id":2676},{"id":563,"lg_id":602,"ward_name":"FAFORIJI","ward_short_name":null,"created_at":"2021-05-09 21:05:43","updated_at":"2021-05-15 21:05:34","state_id":2676},{"id":564,"lg_id":602,"ward_name":"AROWOJEBE","ward_short_name":null,"created_at":"2021-05-09 21:05:55","updated_at":"2021-05-18 08:38:21","state_id":2676},{"id":565,"lg_id":602,"ward_name":"AYINRIN","ward_short_name":null,"created_at":"2021-05-09 21:06:04","updated_at":"2021-05-18 08:38:38","state_id":2676},{"id":566,"lg_id":603,"ward_name":"IYERE","ward_short_name":null,"created_at":"2021-05-09 21:06:33","updated_at":"2021-05-18 08:58:12","state_id":2676},{"id":567,"lg_id":603,"ward_name":"OKEOMI","ward_short_name":null,"created_at":"2021-05-09 21:06:43","updated_at":"2021-05-18 08:57:40","state_id":2676},{"id":568,"lg_id":603,"ward_name":"ASAWO","ward_short_name":null,"created_at":"2021-05-09 21:07:15","updated_at":"2021-05-18 08:57:22","state_id":2676},{"id":569,"lg_id":603,"ward_name":"KAJOLA","ward_short_name":null,"created_at":"2021-05-09 21:08:20","updated_at":"2021-05-18 08:59:05","state_id":2676},{"id":570,"lg_id":603,"ward_name":"IPOYE","ward_short_name":null,"created_at":"2021-05-09 21:08:31","updated_at":"2021-05-18 08:59:46","state_id":2676},{"id":571,"lg_id":603,"ward_name":"ITAGUNMODI","ward_short_name":null,"created_at":"2021-05-09 21:08:42","updated_at":"2021-05-09 21:08:42","state_id":2676},{"id":572,"lg_id":603,"ward_name":"OGOGODOJA","ward_short_name":null,"created_at":"2021-05-09 21:08:52","updated_at":"2021-05-18 09:00:23","state_id":2676},{"id":573,"lg_id":603,"ward_name":"INISA","ward_short_name":null,"created_at":"2021-05-09 21:09:00","updated_at":"2021-05-18 08:59:26","state_id":2676},{"id":574,"lg_id":603,"ward_name":"IJANA","ward_short_name":null,"created_at":"2021-05-09 21:09:10","updated_at":"2021-05-18 08:58:35","state_id":2676},{"id":575,"lg_id":603,"ward_name":"IFEWARA","ward_short_name":null,"created_at":"2021-05-09 21:09:21","updated_at":"2021-05-18 09:00:34","state_id":2676},{"id":576,"lg_id":603,"ward_name":"OKEOJA","ward_short_name":null,"created_at":"2021-05-09 21:09:29","updated_at":"2021-05-18 08:57:08","state_id":2676},{"id":577,"lg_id":619,"ward_name":"OKESA","ward_short_name":null,"created_at":"2021-05-09 21:56:29","updated_at":"2021-05-18 08:39:55","state_id":2676},{"id":578,"lg_id":619,"ward_name":"IMO","ward_short_name":null,"created_at":"2021-05-09 21:56:38","updated_at":"2021-05-09 21:56:38","state_id":2676},{"id":579,"lg_id":619,"ward_name":"IGBAYE","ward_short_name":null,"created_at":"2021-05-09 21:56:51","updated_at":"2021-05-09 21:56:51","state_id":2676},{"id":580,"lg_id":619,"ward_name":"ILEMO","ward_short_name":null,"created_at":"2021-05-09 21:56:59","updated_at":"2021-05-09 21:56:59","state_id":2676},{"id":581,"lg_id":619,"ward_name":"IJAMO","ward_short_name":null,"created_at":"2021-05-09 21:57:08","updated_at":"2021-05-17 11:31:44","state_id":2676},{"id":582,"lg_id":619,"ward_name":"IDO IJESA","ward_short_name":null,"created_at":"2021-05-09 21:57:18","updated_at":"2021-05-17 11:33:30","state_id":2676},{"id":583,"lg_id":619,"ward_name":"ANAYE","ward_short_name":null,"created_at":"2021-05-09 21:57:28","updated_at":"2021-05-09 21:57:28","state_id":2676},{"id":584,"lg_id":619,"ward_name":"OKE OYE","ward_short_name":null,"created_at":"2021-05-09 21:57:36","updated_at":"2021-05-09 21:57:36","state_id":2676},{"id":585,"lg_id":619,"ward_name":"IROJO","ward_short_name":null,"created_at":"2021-05-09 21:57:47","updated_at":"2021-05-09 21:57:47","state_id":2676},{"id":586,"lg_id":619,"ward_name":"ABIOLA\/IJOKA","ward_short_name":null,"created_at":"2021-05-09 21:57:55","updated_at":"2021-05-17 11:31:12","state_id":2676},{"id":587,"lg_id":619,"ward_name":"OKE IRO","ward_short_name":null,"created_at":"2021-05-09 21:58:07","updated_at":"2021-05-17 11:30:14","state_id":2676},{"id":588,"lg_id":620,"ward_name":"IKOTI","ward_short_name":null,"created_at":"2021-05-09 21:58:15","updated_at":"2021-05-17 11:37:49","state_id":2676},{"id":589,"lg_id":620,"ward_name":"EGBE IDI","ward_short_name":null,"created_at":"2021-05-09 21:58:23","updated_at":"2021-05-17 11:36:50","state_id":2676},{"id":590,"lg_id":620,"ward_name":"IGBOGI","ward_short_name":null,"created_at":"2021-05-09 21:59:23","updated_at":"2021-05-09 21:59:23","state_id":2676},{"id":591,"lg_id":620,"ward_name":"IDASA","ward_short_name":null,"created_at":"2021-05-09 21:59:32","updated_at":"2021-05-09 21:59:32","state_id":2676},{"id":592,"lg_id":620,"ward_name":"ISOKUN","ward_short_name":null,"created_at":"2021-05-09 21:59:41","updated_at":"2021-05-09 21:59:41","state_id":2676},{"id":593,"lg_id":620,"ward_name":"ORINKIRAN","ward_short_name":null,"created_at":"2021-05-09 21:59:50","updated_at":"2021-05-18 08:40:33","state_id":2676},{"id":594,"lg_id":620,"ward_name":"ILAJE","ward_short_name":null,"created_at":"2021-05-09 22:00:00","updated_at":"2021-05-09 22:00:00","state_id":2676},{"id":595,"lg_id":620,"ward_name":"ADETI","ward_short_name":null,"created_at":"2021-05-09 22:00:08","updated_at":"2021-05-09 22:00:08","state_id":2676},{"id":596,"lg_id":620,"ward_name":"EREJA","ward_short_name":null,"created_at":"2021-05-09 22:00:18","updated_at":"2021-05-09 22:00:18","state_id":2676},{"id":597,"lg_id":620,"ward_name":"OKE-IYIN","ward_short_name":null,"created_at":"2021-05-09 22:00:26","updated_at":"2021-05-17 11:35:29","state_id":2676},{"id":598,"lg_id":625,"ward_name":"IBOKUN","ward_short_name":null,"created_at":"2021-05-09 22:00:45","updated_at":"2021-05-09 22:00:45","state_id":2676},{"id":599,"lg_id":625,"ward_name":"IPETU ILE","ward_short_name":null,"created_at":"2021-05-09 22:01:01","updated_at":"2021-05-09 22:01:01","state_id":2676},{"id":600,"lg_id":625,"ward_name":"ILAHUN","ward_short_name":null,"created_at":"2021-05-09 22:01:09","updated_at":"2021-05-17 12:12:35","state_id":2676},{"id":601,"lg_id":625,"ward_name":"ILASE","ward_short_name":null,"created_at":"2021-05-09 22:01:17","updated_at":"2021-05-09 22:01:17","state_id":2676},{"id":602,"lg_id":625,"ward_name":"IBALA","ward_short_name":null,"created_at":"2021-05-09 22:01:25","updated_at":"2021-05-09 22:01:25","state_id":2676},{"id":603,"lg_id":625,"ward_name":"IMESI ILE","ward_short_name":null,"created_at":"2021-05-09 22:01:33","updated_at":"2021-05-09 22:01:33","state_id":2676},{"id":604,"lg_id":625,"ward_name":"ESA OKE","ward_short_name":null,"created_at":"2021-05-09 22:01:47","updated_at":"2021-05-09 22:01:47","state_id":2676},{"id":605,"lg_id":625,"ward_name":"OTAN ILE","ward_short_name":null,"created_at":"2021-05-09 22:01:56","updated_at":"2021-05-09 22:01:56","state_id":2676},{"id":606,"lg_id":625,"ward_name":"ESA ODO","ward_short_name":null,"created_at":"2021-05-09 22:02:07","updated_at":"2021-05-09 22:02:07","state_id":2676},{"id":607,"lg_id":625,"ward_name":"ILARE","ward_short_name":null,"created_at":"2021-05-09 22:02:16","updated_at":"2021-05-09 22:02:16","state_id":2676},{"id":608,"lg_id":629,"ward_name":"ERIN OKE","ward_short_name":null,"created_at":"2021-05-09 22:02:33","updated_at":"2021-05-09 22:02:33","state_id":2676},{"id":609,"lg_id":629,"ward_name":"ERIN IJESA","ward_short_name":null,"created_at":"2021-05-09 22:02:43","updated_at":"2021-05-09 22:02:43","state_id":2676},{"id":610,"lg_id":629,"ward_name":"IJEBU JESA","ward_short_name":null,"created_at":"2021-05-09 22:02:53","updated_at":"2021-05-09 22:02:53","state_id":2676},{"id":611,"lg_id":629,"ward_name":"ERE IJESA","ward_short_name":null,"created_at":"2021-05-09 22:03:02","updated_at":"2021-05-17 12:57:22","state_id":2676},{"id":612,"lg_id":629,"ward_name":"IKEJI ILE","ward_short_name":null,"created_at":"2021-05-09 22:03:11","updated_at":"2021-05-09 22:03:11","state_id":2676},{"id":613,"lg_id":629,"ward_name":"IRA KEJI","ward_short_name":null,"created_at":"2021-05-09 22:03:20","updated_at":"2021-05-17 12:50:14","state_id":2676},{"id":614,"lg_id":629,"ward_name":"IKEJI ARAKEJI","ward_short_name":null,"created_at":"2021-05-09 22:03:40","updated_at":"2021-05-09 22:03:40","state_id":2676},{"id":615,"lg_id":629,"ward_name":"APOTI","ward_short_name":null,"created_at":"2021-05-09 22:03:49","updated_at":"2021-05-09 22:03:49","state_id":2676},{"id":616,"lg_id":629,"ward_name":"IPETU IJESA","ward_short_name":null,"created_at":"2021-05-09 22:03:57","updated_at":"2021-05-09 22:03:57","state_id":2676},{"id":617,"lg_id":629,"ward_name":"OBALENDE","ward_short_name":null,"created_at":"2021-05-09 22:04:06","updated_at":"2021-05-09 22:04:06","state_id":2676},{"id":618,"lg_id":629,"ward_name":"ILOKO IJESA","ward_short_name":null,"created_at":"2021-05-09 22:04:14","updated_at":"2021-05-09 22:04:14","state_id":2676},{"id":619,"lg_id":629,"ward_name":"ERINMO IJESA","ward_short_name":null,"created_at":"2021-05-09 22:04:22","updated_at":"2021-05-17 12:46:57","state_id":2676},{"id":620,"lg_id":606,"ward_name":"OKE OMI","ward_short_name":null,"created_at":"2021-05-09 22:12:48","updated_at":"2021-05-09 22:12:48","state_id":2676},{"id":621,"lg_id":606,"ward_name":"IRESI MODEL","ward_short_name":null,"created_at":"2021-05-09 22:13:03","updated_at":"2021-05-17 06:23:49","state_id":2676},{"id":622,"lg_id":606,"ward_name":"IBUDO KIRIJI","ward_short_name":null,"created_at":"2021-05-09 22:13:35","updated_at":"2021-05-17 06:22:37","state_id":2676},{"id":623,"lg_id":606,"ward_name":"IGBAJO","ward_short_name":null,"created_at":"2021-05-09 22:13:51","updated_at":"2021-05-15 21:15:36","state_id":2676},{"id":624,"lg_id":606,"ward_name":"AYETORO","ward_short_name":null,"created_at":"2021-05-09 22:14:05","updated_at":"2021-05-17 06:21:41","state_id":2676},{"id":625,"lg_id":606,"ward_name":"IMOJIGBON","ward_short_name":null,"created_at":"2021-05-09 22:14:31","updated_at":"2021-05-17 06:21:19","state_id":2676},{"id":626,"lg_id":606,"ward_name":"ERIPA","ward_short_name":null,"created_at":"2021-05-09 22:14:39","updated_at":"2021-05-09 22:14:39","state_id":2676},{"id":627,"lg_id":606,"ward_name":"OKE IRUN","ward_short_name":null,"created_at":"2021-05-09 22:14:47","updated_at":"2021-05-09 22:14:47","state_id":2676},{"id":628,"lg_id":606,"ward_name":"IRESI","ward_short_name":null,"created_at":"2021-05-09 22:14:55","updated_at":"2021-05-17 06:23:11","state_id":2676},{"id":629,"lg_id":606,"ward_name":"OMI-ERAN","ward_short_name":null,"created_at":"2021-05-09 22:15:03","updated_at":"2021-05-17 06:20:57","state_id":2676},{"id":630,"lg_id":616,"ward_name":"AYEGUNLE","ward_short_name":null,"created_at":"2021-05-09 22:15:12","updated_at":"2021-05-17 11:12:42","state_id":2676},{"id":631,"lg_id":616,"ward_name":"ALAGBEDE PHC","ward_short_name":null,"created_at":"2021-05-09 22:15:58","updated_at":"2021-05-17 11:13:16","state_id":2676},{"id":632,"lg_id":616,"ward_name":"ISINMI OLOTU PHC","ward_short_name":null,"created_at":"2021-05-09 22:16:06","updated_at":"2021-05-17 11:10:10","state_id":2676},{"id":633,"lg_id":616,"ward_name":"OKE OSUN","ward_short_name":null,"created_at":"2021-05-09 22:16:29","updated_at":"2021-05-17 06:29:06","state_id":2676},{"id":634,"lg_id":616,"ward_name":"ORA MDGS","ward_short_name":null,"created_at":"2021-05-09 22:16:37","updated_at":"2021-05-17 11:09:30","state_id":2676},{"id":635,"lg_id":616,"ward_name":"ILUPEJU PHC","ward_short_name":null,"created_at":"2021-05-09 22:16:45","updated_at":"2021-05-17 11:09:04","state_id":2676},{"id":636,"lg_id":616,"ward_name":"OKE ILA PHC","ward_short_name":null,"created_at":"2021-05-09 22:16:54","updated_at":"2021-05-17 11:08:51","state_id":2676},{"id":637,"lg_id":616,"ward_name":"ISALE OLA PHC","ward_short_name":null,"created_at":"2021-05-09 22:17:04","updated_at":"2021-05-17 11:08:34","state_id":2676},{"id":638,"lg_id":616,"ward_name":"ALAGBEDE","ward_short_name":null,"created_at":"2021-05-09 22:17:16","updated_at":"2021-05-17 06:25:42","state_id":2676},{"id":639,"lg_id":616,"ward_name":"TEMIDIRE PHC","ward_short_name":null,"created_at":"2021-05-09 22:17:24","updated_at":"2021-05-17 11:08:02","state_id":2676},{"id":640,"lg_id":618,"ward_name":"ITA SAPON","ward_short_name":null,"created_at":"2021-05-09 22:17:49","updated_at":"2021-05-17 06:32:48","state_id":2676},{"id":641,"lg_id":618,"ward_name":"ADEKUNLE","ward_short_name":null,"created_at":"2021-05-09 22:17:59","updated_at":"2021-05-17 06:33:04","state_id":2676},{"id":642,"lg_id":618,"ward_name":"OGUNLADE","ward_short_name":null,"created_at":"2021-05-09 22:18:08","updated_at":"2021-05-17 06:33:40","state_id":2676},{"id":643,"lg_id":618,"ward_name":"ADEBISI","ward_short_name":null,"created_at":"2021-05-09 22:18:23","updated_at":"2021-05-17 06:36:42","state_id":2676},{"id":644,"lg_id":618,"ward_name":"STADIUM","ward_short_name":null,"created_at":"2021-05-09 22:18:32","updated_at":"2021-05-17 06:34:06","state_id":2676},{"id":645,"lg_id":618,"ward_name":"ISAAC","ward_short_name":null,"created_at":"2021-05-09 22:18:41","updated_at":"2021-05-17 06:35:48","state_id":2676},{"id":646,"lg_id":618,"ward_name":"AJABA MDG","ward_short_name":null,"created_at":"2021-05-09 22:18:50","updated_at":"2021-05-17 11:25:21","state_id":2676},{"id":647,"lg_id":618,"ward_name":"IGBONNIBI","ward_short_name":null,"created_at":"2021-05-09 22:18:58","updated_at":"2021-05-17 06:37:50","state_id":2676},{"id":648,"lg_id":618,"ward_name":"OKE EDE","ward_short_name":null,"created_at":"2021-05-09 22:19:07","updated_at":"2021-05-17 06:37:20","state_id":2676},{"id":649,"lg_id":618,"ward_name":"ISEDO","ward_short_name":null,"created_at":"2021-05-09 22:19:16","updated_at":"2021-05-17 11:23:54","state_id":2676},{"id":650,"lg_id":618,"ward_name":"DAGBOLU","ward_short_name":null,"created_at":"2021-05-09 22:19:25","updated_at":"2021-05-17 06:34:32","state_id":2676},{"id":651,"lg_id":621,"ward_name":"OLOBU","ward_short_name":null,"created_at":"2021-05-09 22:20:06","updated_at":"2021-05-09 22:20:06","state_id":2676},{"id":652,"lg_id":621,"ward_name":"KUELU","ward_short_name":null,"created_at":"2021-05-09 22:20:15","updated_at":"2021-05-17 06:40:06","state_id":2676},{"id":653,"lg_id":621,"ward_name":"ANWO","ward_short_name":null,"created_at":"2021-05-09 22:20:53","updated_at":"2021-05-09 22:20:53","state_id":2676},{"id":654,"lg_id":621,"ward_name":"AROMIWE","ward_short_name":null,"created_at":"2021-05-09 22:21:03","updated_at":"2021-05-09 22:21:03","state_id":2676},{"id":655,"lg_id":621,"ward_name":"OLOYAN","ward_short_name":null,"created_at":"2021-05-09 22:21:10","updated_at":"2021-05-17 06:43:21","state_id":2676},{"id":656,"lg_id":621,"ward_name":"KONDA","ward_short_name":null,"created_at":"2021-05-09 22:21:20","updated_at":"2021-05-09 22:21:20","state_id":2676},{"id":657,"lg_id":621,"ward_name":"OKE ERAN","ward_short_name":null,"created_at":"2021-05-09 22:21:29","updated_at":"2021-05-09 22:21:29","state_id":2676},{"id":658,"lg_id":621,"ward_name":"AFOLU","ward_short_name":null,"created_at":"2021-05-09 22:21:38","updated_at":"2021-05-09 22:21:38","state_id":2676},{"id":659,"lg_id":621,"ward_name":"EYINGBO","ward_short_name":null,"created_at":"2021-05-09 22:21:47","updated_at":"2021-05-09 22:21:47","state_id":2676},{"id":660,"lg_id":621,"ward_name":"ISIAKA PHC","ward_short_name":null,"created_at":"2021-05-09 22:21:56","updated_at":"2021-05-17 11:44:26","state_id":2676},{"id":661,"lg_id":621,"ward_name":"DELETE THIS","ward_short_name":null,"created_at":"2021-05-09 22:22:04","updated_at":"2021-05-17 11:45:26","state_id":2676},{"id":662,"lg_id":621,"ward_name":"OKE ILA","ward_short_name":null,"created_at":"2021-05-09 22:22:15","updated_at":"2021-05-17 06:43:53","state_id":2676},{"id":663,"lg_id":630,"ward_name":"OLUFON","ward_short_name":null,"created_at":"2021-05-09 22:22:51","updated_at":"2021-05-09 22:22:51","state_id":2676},{"id":664,"lg_id":630,"ward_name":"OWOKA","ward_short_name":null,"created_at":"2021-05-09 22:24:20","updated_at":"2021-05-09 22:24:20","state_id":2676},{"id":665,"lg_id":630,"ward_name":"ARAROMI","ward_short_name":null,"created_at":"2021-05-09 22:24:29","updated_at":"2021-05-09 22:24:29","state_id":2676},{"id":666,"lg_id":630,"ward_name":"BOLORUNDURO","ward_short_name":null,"created_at":"2021-05-09 22:24:39","updated_at":"2021-05-09 22:24:39","state_id":2676},{"id":667,"lg_id":630,"ward_name":"OOYE","ward_short_name":null,"created_at":"2021-05-09 22:24:47","updated_at":"2021-05-09 22:24:47","state_id":2676},{"id":668,"lg_id":630,"ward_name":"JALEYEMI","ward_short_name":null,"created_at":"2021-05-09 22:24:55","updated_at":"2021-05-09 22:24:55","state_id":2676},{"id":669,"lg_id":630,"ward_name":"ELESI","ward_short_name":null,"created_at":"2021-05-09 22:25:04","updated_at":"2021-05-09 22:25:04","state_id":2676},{"id":670,"lg_id":630,"ward_name":"EGAN AAJE","ward_short_name":null,"created_at":"2021-05-09 22:25:12","updated_at":"2021-05-17 12:59:08","state_id":2676},{"id":671,"lg_id":630,"ward_name":"OSUN EESA","ward_short_name":null,"created_at":"2021-05-09 22:25:21","updated_at":"2021-05-09 22:25:21","state_id":2676},{"id":672,"lg_id":630,"ward_name":"OKIKI","ward_short_name":null,"created_at":"2021-05-09 22:25:31","updated_at":"2021-05-17 12:58:54","state_id":2676},{"id":673,"lg_id":628,"ward_name":"ENIKANOYUN","ward_short_name":null,"created_at":"2021-05-09 22:25:51","updated_at":"2021-05-17 06:45:57","state_id":2676},{"id":674,"lg_id":628,"ward_name":"KELEBE","ward_short_name":null,"created_at":"2021-05-09 22:25:59","updated_at":"2021-05-17 06:46:53","state_id":2676},{"id":675,"lg_id":628,"ward_name":"BIIRO FAGBEMI","ward_short_name":null,"created_at":"2021-05-09 22:26:06","updated_at":"2021-05-17 06:46:26","state_id":2676},{"id":676,"lg_id":628,"ward_name":"ATELEWO","ward_short_name":null,"created_at":"2021-05-09 22:26:14","updated_at":"2021-05-09 22:26:14","state_id":2676},{"id":677,"lg_id":628,"ward_name":"SABO","ward_short_name":null,"created_at":"2021-05-09 22:26:22","updated_at":"2021-05-09 22:26:22","state_id":2676},{"id":678,"lg_id":628,"ward_name":"OLUODE","ward_short_name":null,"created_at":"2021-05-09 22:26:30","updated_at":"2021-05-09 22:26:30","state_id":2676},{"id":679,"lg_id":628,"ward_name":"ATIBA","ward_short_name":null,"created_at":"2021-05-09 22:26:45","updated_at":"2021-05-17 06:45:09","state_id":2676},{"id":680,"lg_id":628,"ward_name":"OTA EFUN","ward_short_name":null,"created_at":"2021-05-09 22:26:52","updated_at":"2021-05-09 22:26:52","state_id":2676},{"id":681,"lg_id":628,"ward_name":"OBA ILE","ward_short_name":null,"created_at":"2021-05-09 22:27:00","updated_at":"2021-05-09 22:27:00","state_id":2676},{"id":682,"lg_id":628,"ward_name":"OBA OKE","ward_short_name":null,"created_at":"2021-05-09 22:27:08","updated_at":"2021-05-09 22:27:08","state_id":2676},{"id":683,"lg_id":628,"ward_name":"ILIE","ward_short_name":null,"created_at":"2021-05-09 22:27:16","updated_at":"2021-05-09 22:27:16","state_id":2676},{"id":684,"lg_id":631,"ward_name":"IREPODUN","ward_short_name":null,"created_at":"2021-05-09 22:28:12","updated_at":"2021-05-17 13:17:39","state_id":2676},{"id":685,"lg_id":631,"ward_name":"OKE BAALE","ward_short_name":null,"created_at":"2021-05-09 22:28:21","updated_at":"2021-05-17 13:17:10","state_id":2676},{"id":686,"lg_id":631,"ward_name":"ILUDUN","ward_short_name":null,"created_at":"2021-05-09 22:28:28","updated_at":"2021-05-17 13:16:50","state_id":2676},{"id":687,"lg_id":631,"ward_name":"OKE ABESU","ward_short_name":null,"created_at":"2021-05-09 22:28:35","updated_at":"2021-05-17 13:16:31","state_id":2676},{"id":688,"lg_id":631,"ward_name":"MUBARAKA","ward_short_name":null,"created_at":"2021-05-09 22:28:45","updated_at":"2021-05-17 13:16:03","state_id":2676},{"id":689,"lg_id":631,"ward_name":"OWODE","ward_short_name":null,"created_at":"2021-05-09 22:28:54","updated_at":"2021-05-17 13:13:17","state_id":2676},{"id":690,"lg_id":631,"ward_name":"ALAJALOGE","ward_short_name":null,"created_at":"2021-05-09 22:29:02","updated_at":"2021-05-17 13:12:50","state_id":2676},{"id":691,"lg_id":631,"ward_name":"AJENISUA","ward_short_name":null,"created_at":"2021-05-09 22:29:10","updated_at":"2021-05-17 13:12:20","state_id":2676},{"id":692,"lg_id":631,"ward_name":"ALEKUWODO","ward_short_name":null,"created_at":"2021-05-09 22:29:19","updated_at":"2021-05-17 13:11:40","state_id":2676},{"id":693,"lg_id":631,"ward_name":"OGO OLUWA","ward_short_name":null,"created_at":"2021-05-09 22:29:35","updated_at":"2021-05-17 13:11:20","state_id":2676},{"id":694,"lg_id":631,"ward_name":"ODI OLOWO","ward_short_name":null,"created_at":"2021-05-09 22:29:44","updated_at":"2021-05-17 13:09:54","state_id":2676},{"id":695,"lg_id":631,"ward_name":"ISALE AGBARA","ward_short_name":null,"created_at":"2021-05-09 22:29:55","updated_at":"2021-05-17 13:09:26","state_id":2676},{"id":696,"lg_id":631,"ward_name":"AKEDE","ward_short_name":null,"created_at":"2021-05-09 22:30:03","updated_at":"2021-05-17 13:08:47","state_id":2676},{"id":697,"lg_id":631,"ward_name":"OKE OSUN","ward_short_name":null,"created_at":"2021-05-09 22:30:11","updated_at":"2021-05-17 13:08:25","state_id":2676},{"id":698,"lg_id":631,"ward_name":"OLUGUNNA","ward_short_name":null,"created_at":"2021-05-09 22:30:24","updated_at":"2021-05-17 13:02:12","state_id":2676},{"id":699,"lg_id":626,"ward_name":"OLUKOTUN","ward_short_name":null,"created_at":"2021-05-09 22:32:22","updated_at":"2021-05-18 08:52:50","state_id":2676},{"id":700,"lg_id":626,"ward_name":"OKUA","ward_short_name":null,"created_at":"2021-05-09 22:32:31","updated_at":"2021-05-18 08:49:47","state_id":2676},{"id":701,"lg_id":626,"ward_name":"IGBAYE","ward_short_name":null,"created_at":"2021-05-09 22:32:40","updated_at":"2021-05-18 08:50:21","state_id":2676},{"id":702,"lg_id":626,"ward_name":"FAJI","ward_short_name":null,"created_at":"2021-05-09 22:32:48","updated_at":"2021-05-18 08:50:09","state_id":2676},{"id":703,"lg_id":626,"ward_name":"AGBEYE","ward_short_name":null,"created_at":"2021-05-09 22:32:58","updated_at":"2021-05-18 08:49:59","state_id":2676},{"id":704,"lg_id":626,"ward_name":"IJABE","ward_short_name":null,"created_at":"2021-05-09 22:33:07","updated_at":"2021-05-18 08:47:00","state_id":2676},{"id":705,"lg_id":626,"ward_name":"INISHA","ward_short_name":null,"created_at":"2021-05-09 22:33:18","updated_at":"2021-05-18 08:49:11","state_id":2676},{"id":706,"lg_id":626,"ward_name":"ASABA","ward_short_name":null,"created_at":"2021-05-09 22:33:26","updated_at":"2021-05-18 08:47:17","state_id":2676},{"id":707,"lg_id":626,"ward_name":"OLUNISHA","ward_short_name":null,"created_at":"2021-05-09 22:33:34","updated_at":"2021-05-18 08:53:07","state_id":2676},{"id":708,"lg_id":626,"ward_name":"OYAN II","ward_short_name":null,"created_at":"2021-05-09 22:33:43","updated_at":"2021-05-18 08:48:32","state_id":2676},{"id":709,"lg_id":626,"ward_name":"JAGUN OSI","ward_short_name":null,"created_at":"2021-05-09 22:33:52","updated_at":"2021-05-09 22:33:52","state_id":2676},{"id":710,"lg_id":626,"ward_name":"OYAN 1","ward_short_name":null,"created_at":"2021-05-09 22:34:00","updated_at":"2021-05-18 08:48:06","state_id":2676},{"id":711,"lg_id":626,"ward_name":"OKUKU","ward_short_name":null,"created_at":"2021-05-09 22:34:09","updated_at":"2021-05-18 08:47:53","state_id":2676},{"id":712,"lg_id":626,"ward_name":"EKOSIN","ward_short_name":null,"created_at":"2021-05-09 22:34:17","updated_at":"2021-05-18 08:49:32","state_id":2676},{"id":713,"lg_id":626,"ward_name":"OKUKU II","ward_short_name":null,"created_at":"2021-05-09 22:34:25","updated_at":"2021-05-18 08:46:37","state_id":2676},{"id":714,"lg_id":617,"ward_name":"PONJO","ward_short_name":null,"created_at":"2021-05-09 22:34:43","updated_at":"2021-05-17 06:49:23","state_id":2676},{"id":715,"lg_id":617,"ward_name":"OKE AMOLA","ward_short_name":null,"created_at":"2021-05-09 22:34:51","updated_at":"2021-05-09 22:34:51","state_id":2676},{"id":716,"lg_id":617,"ward_name":"EMILOJU","ward_short_name":null,"created_at":"2021-05-09 22:34:59","updated_at":"2021-05-17 06:48:55","state_id":2676},{"id":717,"lg_id":617,"ward_name":"OKE AFO","ward_short_name":null,"created_at":"2021-05-09 22:35:06","updated_at":"2021-05-09 22:35:06","state_id":2676},{"id":718,"lg_id":617,"ward_name":"DAGBOLU","ward_short_name":null,"created_at":"2021-05-09 22:35:13","updated_at":"2021-05-09 22:35:13","state_id":2676},{"id":719,"lg_id":617,"ward_name":"AKINORUN PHC","ward_short_name":null,"created_at":"2021-05-09 22:35:21","updated_at":"2021-05-17 11:20:18","state_id":2676},{"id":720,"lg_id":617,"ward_name":"IBA MATERNITY","ward_short_name":null,"created_at":"2021-05-09 22:35:32","updated_at":"2021-05-17 11:19:45","state_id":2676},{"id":721,"lg_id":617,"ward_name":"OLONDE","ward_short_name":null,"created_at":"2021-05-09 22:35:42","updated_at":"2021-05-09 22:35:42","state_id":2676},{"id":722,"lg_id":617,"ward_name":"IBA 1","ward_short_name":null,"created_at":"2021-05-09 22:35:55","updated_at":"2021-05-09 22:35:55","state_id":2676},{"id":723,"lg_id":617,"ward_name":"OWODE IDIOSE","ward_short_name":null,"created_at":"2021-05-09 22:35:59","updated_at":"2021-05-17 06:47:54","state_id":2676},{"id":724,"lg_id":617,"ward_name":"OBAAGUN","ward_short_name":null,"created_at":"2021-05-09 22:36:16","updated_at":"2021-05-09 22:36:16","state_id":2676},{"id":725,"lg_id":617,"ward_name":"EKOINDE","ward_short_name":null,"created_at":"2021-05-09 22:36:26","updated_at":"2021-05-17 06:50:44","state_id":2676},{"id":726,"lg_id":607,"ward_name":"OLOTI","ward_short_name":null,"created_at":"2021-05-09 22:36:38","updated_at":"2021-05-09 22:36:38","state_id":2676},{"id":727,"lg_id":607,"ward_name":"ISALE ASA","ward_short_name":null,"created_at":"2021-05-09 22:36:46","updated_at":"2021-05-15 21:07:36","state_id":2676},{"id":728,"lg_id":607,"ward_name":"ARAROMI","ward_short_name":null,"created_at":"2021-05-09 22:36:55","updated_at":"2021-05-09 22:36:55","state_id":2676},{"id":729,"lg_id":607,"ward_name":"ISALE OYO","ward_short_name":null,"created_at":"2021-05-09 22:37:03","updated_at":"2021-05-09 22:37:03","state_id":2676},{"id":730,"lg_id":607,"ward_name":"AGBA","ward_short_name":null,"created_at":"2021-05-09 22:37:11","updated_at":"2021-05-09 22:37:11","state_id":2676},{"id":731,"lg_id":607,"ward_name":"ORORUWO","ward_short_name":null,"created_at":"2021-05-09 22:37:19","updated_at":"2021-05-09 22:37:19","state_id":2676},{"id":732,"lg_id":607,"ward_name":"ISO EGE","ward_short_name":null,"created_at":"2021-05-09 22:37:27","updated_at":"2021-05-09 22:37:27","state_id":2676},{"id":733,"lg_id":607,"ward_name":"OLOKERE","ward_short_name":null,"created_at":"2021-05-09 22:37:39","updated_at":"2021-05-15 21:10:17","state_id":2676},{"id":734,"lg_id":607,"ward_name":"ISALE ASA","ward_short_name":null,"created_at":"2021-05-09 22:37:52","updated_at":"2021-05-09 22:37:52","state_id":2676},{"id":735,"lg_id":607,"ward_name":"OKE OGI","ward_short_name":null,"created_at":"2021-05-09 22:38:00","updated_at":"2021-05-09 22:38:00","state_id":2676},{"id":736,"lg_id":607,"ward_name":"OKE AREE","ward_short_name":null,"created_at":"2021-05-09 22:38:08","updated_at":"2021-05-09 22:38:08","state_id":2676}]